TITLE SAMPLE NAME:,Polyethylene Low Density (bags, packaging)
DATA TYPE:,Infrared Spectrum
MEASUREMENT INFORMATION:,Spectrophotometer
MODEL NAME:,FT/IR ATR-4X JASSCO Type A
SERIAL No:,A009662111
ACCESSORY:,ATR PRO 4x
LIGHT SOURCE:,DLATGS Standard
RESOLUTION:,4 cm-1
XUNITS/ HORIZONTAL AXIS:,Wavenumber [cm-1]
YUNITS/ VERTICAL AXIS:,Transmittance %T
FIRSTX:,399
FIRSTY:,0
LASTX:,4000
LASTY:,120
NPOINTS:,3751
399.1927,97.4392
400.1569,98.0917
401.1211,98.5674
402.0854,98.8173
403.0496,98.8885
404.0138,98.8546
404.9781,98.7759
405.9423,98.6871
406.9065,98.5992
407.8708,98.5081
408.8350,98.4034
409.7992,98.2746
410.7635,98.1175
411.7277,97.9413
412.6919,97.7696
413.6562,97.6314
414.6204,97.553
415.5846,97.5581
416.5489,97.6703
417.5131,97.9037
418.4773,98.2255
419.4416,98.5316
420.4058,98.7032
421.3700,98.6891
422.3343,98.5092
423.2985,98.217
424.2627,97.8822
425.2270,97.583
426.1912,97.3877
427.1554,97.3323
428.1197,97.4113
429.0839,97.5897
430.0481,97.8209
431.0124,98.0581
431.9766,98.2589
432.9408,98.387
433.9051,98.4177
434.8693,98.3457
435.8335,98.191
436.7978,97.9942
437.7620,97.8001
438.7262,97.6423
439.6905,97.5374
440.6547,97.4892
441.6189,97.4921
442.5832,97.5282
443.5474,97.5633
444.5116,97.5553
445.4759,97.4763
446.4401,97.3332
447.4043,97.1706
448.3686,97.0523
449.3328,97.0295
450.2970,97.1125
451.2613,97.2577
452.2255,97.3857
453.1897,97.4204
454.1540,97.3277
455.1182,97.1317
456.0824,96.9074
457.0467,96.7503
458.0109,96.731
458.9751,96.8551
459.9394,97.0652
460.9036,97.2861
461.8678,97.4653
462.8321,97.5829
463.7963,97.6398
464.7605,97.6448
465.7248,97.61
466.6890,97.5509
467.6532,97.4893
468.6175,97.4504
469.5817,97.4568
470.5459,97.5193
471.5102,97.629
472.4744,97.7586
473.4386,97.8761
474.4029,97.9634
475.3671,98.0224
476.3313,98.0677
477.2956,98.1162
478.2598,98.1809
479.2240,98.2704
480.1883,98.3886
481.1525,98.5327
482.1167,98.6907
483.0810,98.841
484.0452,98.9584
485.0094,99.0244
485.9737,99.0335
486.9379,98.9903
487.9021,98.9004
488.8664,98.7676
489.8306,98.6004
490.7948,98.4242
491.7591,98.2852
492.7233,98.2359
493.6875,98.3083
494.6518,98.4913
495.6160,98.731
496.5802,98.9528
497.5445,99.0913
498.5087,99.1137
499.4729,99.0257
500.4372,98.8642
501.4014,98.6797
502.3656,98.5182
503.3299,98.4087
504.2941,98.3626
505.2583,98.3795
506.2226,98.4504
507.1868,98.5573
508.1510,98.6734
509.1153,98.7701
510.0795,98.8306
511.0437,98.8578
512.0080,98.8708
512.9722,98.8884
513.9365,98.9154
514.9007,98.9385
515.8649,98.9365
516.8292,98.899
517.7934,98.8385
518.7576,98.7831
519.7219,98.7542
520.6861,98.7487
521.6503,98.7437
522.6146,98.7152
523.5788,98.6562
524.5430,98.5834
525.5073,98.5273
526.4715,98.5122
527.4357,98.539
528.4000,98.5874
529.3642,98.6311
530.3284,98.653
531.2927,98.6477
532.2569,98.6164
533.2211,98.5604
534.1854,98.4814
535.1496,98.3871
536.1138,98.2963
537.0781,98.2355
538.0423,98.2285
539.0065,98.283
539.9708,98.3858
540.9350,98.5069
541.8992,98.6132
542.8635,98.6805
543.8277,98.6992
544.7919,98.6745
545.7562,98.6205
546.7204,98.5558
547.6846,98.4994
548.6489,98.4666
549.6131,98.4659
550.5773,98.4964
551.5416,98.549
552.5058,98.6114
553.4700,98.6745
554.4343,98.7349
555.3985,98.7929
556.3627,98.8463
557.3270,98.8867
558.2912,98.9033
559.2554,98.8909
560.2197,98.8571
561.1839,98.8208
562.1481,98.8026
563.1124,98.8124
564.0766,98.8441
565.0408,98.8805
566.0051,98.9045
566.9693,98.9101
567.9335,98.9048
568.8978,98.9032
569.8620,98.9169
570.8262,98.9477
571.7905,98.9882
572.7547,99.0279
573.7189,99.059
574.6832,99.0783
575.6474,99.0858
576.6116,99.0821
577.5759,99.0659
578.5401,99.0358
579.5043,98.993
580.4686,98.9446
581.4328,98.9025
582.3970,98.8797
583.3613,98.8837
584.3255,98.9121
585.2897,98.9533
586.2540,98.9927
587.2182,99.0211
588.1824,99.038
589.1467,99.0505
590.1109,99.0654
591.0751,99.0823
592.0394,99.0917
593.0036,99.0812
593.9678,99.0452
594.9321,98.9915
595.8963,98.938
596.8605,98.9032
597.8248,98.8968
598.7890,98.9152
599.7532,98.9444
600.7175,98.9697
601.6817,98.9842
602.6459,98.9903
603.6102,98.9952
604.5744,99.0033
605.5386,99.0139
606.5029,99.0235
607.4671,99.0305
608.4313,99.0381
609.3956,99.0507
610.3598,99.068
611.3240,99.0812
612.2883,99.0756
613.2525,99.0386
614.2167,98.9686
615.1810,98.8793
616.1452,98.7965
617.1094,98.7469
618.0737,98.7455
619.0379,98.7882
620.0021,98.8549
620.9664,98.92
621.9306,98.9629
622.8948,98.9736
623.8591,98.9538
624.8233,98.9136
625.7875,98.8663
626.7518,98.8227
627.7160,98.7882
628.6802,98.7642
629.6445,98.7507
630.6087,98.7484
631.5729,98.7579
632.5372,98.7765
633.5014,98.7962
634.4656,98.8054
635.4299,98.7938
636.3941,98.7584
637.3583,98.7053
638.3226,98.6462
639.2868,98.5918
640.2510,98.5466
641.2153,98.5088
642.1795,98.4735
643.1437,98.4382
644.1080,98.4044
645.0722,98.3761
646.0364,98.3565
647.0007,98.3463
647.9649,98.3441
648.9291,98.348
649.8934,98.3563
650.8576,98.3664
651.8218,98.374
652.7861,98.374
653.7503,98.3642
654.7145,98.3469
655.6788,98.3278
656.6430,98.3114
657.6072,98.298
658.5715,98.2844
659.5357,98.2697
660.4999,98.2588
661.4642,98.2594
662.4284,98.2722
663.3926,98.2839
664.3569,98.2671
665.3211,98.1836
666.2853,97.9957
667.2496,97.7052
668.2138,97.4158
669.1780,97.2904
670.1423,97.3687
671.1065,97.551
672.0707,97.7377
673.0350,97.8837
673.9992,97.9823
674.9634,98.046
675.9277,98.093
676.8919,98.1357
677.8561,98.1736
678.8204,98.197
679.7846,98.1962
680.7488,98.1684
681.7131,98.1188
682.6773,98.0559
683.6415,97.9878
684.6058,97.9209
685.5700,97.8614
686.5342,97.8152
687.4985,97.7853
688.4627,97.7682
689.4269,97.7541
690.3912,97.7319
691.3554,97.6954
692.3196,97.6463
693.2839,97.5915
694.2481,97.5384
695.2123,97.4898
696.1766,97.4432
697.1408,97.3921
698.1050,97.3286
699.0693,97.2445
700.0335,97.1308
700.9977,96.9771
701.9620,96.7729
702.9262,96.5099
703.8904,96.1836
704.8547,95.7933
705.8189,95.3376
706.7831,94.8078
707.7474,94.1768
708.7116,93.3912
709.6758,92.3674
710.6401,91.0029
711.6043,89.2061
712.5685,86.9441
713.5328,84.2915
714.4970,81.4543
715.4612,78.7522
716.4255,76.5621
717.3897,75.2396
718.3539,75.0277
719.3182,75.9673
720.2824,77.852
721.2466,80.281
722.2109,82.799
723.1751,85.0346
724.1393,86.758
725.1036,87.8687
726.0678,88.3712
727.0320,88.3775
727.9963,88.1156
728.9605,87.9
729.9247,88.043
730.8890,88.7377
731.8532,89.9786
732.8174,91.5688
733.7817,93.2141
734.7459,94.6497
735.7101,95.7326
736.6744,96.4596
737.6386,96.919
738.6028,97.2195
739.5671,97.4389
740.5313,97.6122
741.4955,97.7483
742.4598,97.8516
743.4240,97.9317
744.3882,98.0004
745.3525,98.0641
746.3167,98.1226
747.2809,98.1724
748.2452,98.212
749.2094,98.2432
750.1736,98.2698
751.1379,98.2952
752.1021,98.3208
753.0663,98.347
754.0306,98.3735
754.9948,98.4001
755.9590,98.4261
756.9233,98.4505
757.8875,98.4727
758.8517,98.4916
759.8160,98.5059
760.7802,98.5127
761.7444,98.5081
762.7087,98.4879
763.6729,98.4504
764.6371,98.3985
765.6014,98.34
766.5656,98.2856
767.5298,98.2452
768.4941,98.2245
769.4583,98.2231
770.4225,98.2352
771.3868,98.2536
772.3510,98.2732
773.3152,98.2928
774.2795,98.3146
775.2437,98.342
776.2079,98.3765
777.1722,98.4167
778.1364,98.4592
779.1006,98.5001
780.0649,98.5368
781.0291,98.5693
781.9933,98.5997
782.9576,98.632
783.9218,98.6703
784.8860,98.717
785.8503,98.7709
786.8145,98.8275
787.7787,98.8801
788.7430,98.9223
789.7072,98.952
790.6714,98.9715
791.6357,98.9865
792.5999,99.002
793.5641,99.0197
794.5284,99.0365
795.4926,99.0476
796.4568,99.0504
797.4211,99.0477
798.3853,99.0471
799.3495,99.0561
800.3138,99.0775
801.2780,99.1076
802.2422,99.1382
803.2065,99.1619
804.1707,99.1762
805.1349,99.1842
806.0992,99.1912
807.0634,99.2005
808.0276,99.2107
808.9919,99.2176
809.9561,99.217
810.9203,99.2088
811.8846,99.1969
812.8488,99.188
813.8130,99.1874
814.7773,99.1977
815.7415,99.2179
816.7057,99.245
817.6700,99.2754
818.6342,99.3062
819.5984,99.3348
820.5627,99.3593
821.5269,99.3783
822.4911,99.3913
823.4554,99.399
824.4196,99.4038
825.3839,99.4084
826.3481,99.415
827.3123,99.4251
828.2766,99.4384
829.2408,99.4543
830.2050,99.472
831.1693,99.4906
832.1335,99.5096
833.0977,99.528
834.0620,99.5451
835.0262,99.5599
835.9904,99.5718
836.9547,99.58
837.9189,99.5835
838.8831,99.5812
839.8474,99.5725
840.8116,99.5582
841.7758,99.5409
842.7401,99.5242
843.7043,99.5116
844.6685,99.5047
845.6328,99.5031
846.5970,99.5049
847.5612,99.5082
848.5255,99.5121
849.4897,99.5167
850.4539,99.5225
851.4182,99.5292
852.3824,99.5355
853.3466,99.5394
854.3109,99.5391
855.2751,99.5337
856.2393,99.5243
857.2036,99.5126
858.1678,99.5013
859.1320,99.4924
860.0963,99.4869
861.0605,99.4854
862.0247,99.4878
862.9890,99.4942
863.9532,99.5043
864.9174,99.5165
865.8817,99.5272
866.8459,99.5309
867.8101,99.5218
868.7744,99.497
869.7386,99.4579
870.7028,99.4117
871.6671,99.3687
872.6313,99.3394
873.5955,99.3309
874.5598,99.3446
875.5240,99.3761
876.4882,99.4176
877.4525,99.4605
878.4167,99.4984
879.3809,99.5279
880.3452,99.5494
881.3094,99.5646
882.2736,99.5751
883.2379,99.5811
884.2021,99.5822
885.1663,99.5779
886.1306,99.5694
887.0948,99.5594
888.0590,99.551
889.0233,99.5461
889.9875,99.5448
890.9517,99.5458
891.9160,99.5483
892.8802,99.5525
893.8444,99.5596
894.8087,99.5703
895.7729,99.5836
896.7371,99.5963
897.7014,99.6046
898.6656,99.6056
899.6298,99.5982
900.5941,99.5833
901.5583,99.563
902.5225,99.5393
903.4868,99.514
904.4510,99.4888
905.4152,99.4657
906.3795,99.4468
907.3437,99.4342
908.3079,99.4294
909.2722,99.4334
910.2364,99.4457
911.2007,99.4643
912.1649,99.4854
913.1292,99.5042
914.0934,99.5163
915.0576,99.519
916.0219,99.513
916.9861,99.5015
917.9503,99.489
918.9146,99.479
919.8788,99.4735
920.8430,99.4725
921.8073,99.4751
922.7715,99.4808
923.7357,99.4891
924.7000,99.4992
925.6642,99.5095
926.6284,99.5172
927.5927,99.5203
928.5569,99.5181
929.5211,99.5117
930.4854,99.5042
931.4496,99.4989
932.4138,99.4981
933.3781,99.5021
934.3423,99.5094
935.3065,99.5173
936.2708,99.523
937.2350,99.5251
938.1992,99.5239
939.1635,99.5215
940.1277,99.5203
941.0919,99.5222
942.0562,99.5276
943.0204,99.5348
943.9846,99.5414
944.9489,99.5451
945.9131,99.5445
946.8773,99.5398
947.8416,99.532
948.8058,99.5229
949.7700,99.5145
950.7343,99.5083
951.6985,99.5048
952.6627,99.5035
953.6270,99.5033
954.5912,99.5031
955.5554,99.503
956.5197,99.5036
957.4839,99.5059
958.4481,99.5095
959.4124,99.513
960.3766,99.5146
961.3408,99.5134
962.3051,99.5104
963.2693,99.5081
964.2335,99.5088
965.1978,99.513
966.1620,99.5191
967.1262,99.5243
968.0905,99.5265
969.0547,99.5253
970.0189,99.5223
970.9832,99.5198
971.9474,99.5194
972.9116,99.5214
973.8759,99.5255
974.8401,99.5306
975.8043,99.5358
976.7686,99.5402
977.7328,99.5421
978.6970,99.5399
979.6613,99.5323
980.6255,99.5193
981.5897,99.5025
982.5540,99.4843
983.5182,99.4669
984.4824,99.4508
985.4467,99.4349
986.4109,99.4169
987.3751,99.3947
988.3394,99.3676
989.3036,99.3367
990.2678,99.3041
991.2321,99.2719
992.1963,99.2405
993.1605,99.2088
994.1248,99.1741
995.0890,99.1341
996.0532,99.0887
997.0175,99.0404
997.9817,98.9938
998.9459,98.9534
999.9102,98.9214
1000.8744,98.8969
1001.8386,98.8765
1002.8029,98.856
1003.7671,98.8322
1004.7313,98.8027
1005.6956,98.7662
1006.6598,98.7207
1007.6240,98.6648
1008.5883,98.5977
1009.5525,98.5209
1010.5167,98.438
1011.4810,98.353
1012.4452,98.2682
1013.4094,98.1833
1014.3737,98.0969
1015.3379,98.0092
1016.3021,97.9246
1017.2664,97.8522
1018.2306,97.8034
1019.1948,97.787
1020.1591,97.8059
1021.1233,97.8548
1022.0875,97.9225
1023.0518,97.9956
1024.0160,98.0626
1024.9802,98.117
1025.9445,98.1571
1026.9087,98.185
1027.8729,98.2039
1028.8372,98.2166
1029.8014,98.2251
1030.7656,98.2302
1031.7299,98.2325
1032.6941,98.2318
1033.6583,98.2276
1034.6226,98.2188
1035.5868,98.2046
1036.5510,98.1847
1037.5153,98.1598
1038.4795,98.1318
1039.4437,98.1029
1040.4080,98.0753
1041.3722,98.0509
1042.3364,98.031
1043.3007,98.0168
1044.2649,98.0093
1045.2291,98.0098
1046.1934,98.0193
1047.1576,98.0392
1048.1218,98.0701
1049.0861,98.1123
1050.0503,98.1645
1051.0145,98.2238
1051.9788,98.2859
1052.9430,98.346
1053.9072,98.3999
1054.8715,98.4452
1055.8357,98.4812
1056.7999,98.5089
1057.7642,98.5303
1058.7284,98.5473
1059.6926,98.5624
1060.6569,98.5778
1061.6211,98.5958
1062.5853,98.6179
1063.5496,98.6442
1064.5138,98.6734
1065.4780,98.7034
1066.4423,98.7319
1067.4065,98.7567
1068.3707,98.776
1069.3350,98.7883
1070.2992,98.7921
1071.2634,98.7868
1072.2277,98.7735
1073.1919,98.7551
1074.1561,98.7354
1075.1204,98.7176
1076.0846,98.703
1077.0488,98.6912
1078.0131,98.6812
1078.9773,98.6732
1079.9415,98.6694
1080.9058,98.6729
1081.8700,98.686
1082.8342,98.708
1083.7985,98.7352
1084.7627,98.7623
1085.7269,98.7847
1086.6912,98.8003
1087.6554,98.8097
1088.6196,98.8152
1089.5839,98.8187
1090.5481,98.8208
1091.5123,98.8207
1092.4766,98.8173
1093.4408,98.8101
1094.4050,98.7993
1095.3693,98.7854
1096.3335,98.7688
1097.2977,98.75
1098.2620,98.73
1099.2262,98.7111
1100.1904,98.6969
1101.1547,98.6911
1102.1189,98.6956
1103.0831,98.7092
1104.0474,98.7279
1105.0116,98.7464
1105.9758,98.76
1106.9401,98.7664
1107.9043,98.766
1108.8685,98.7608
1109.8328,98.7533
1110.7970,98.7453
1111.7612,98.7377
1112.7255,98.7306
1113.6897,98.724
1114.6539,98.7179
1115.6182,98.7132
1116.5824,98.7113
1117.5466,98.7141
1118.5109,98.7236
1119.4751,98.7415
1120.4393,98.7678
1121.4036,98.8012
1122.3678,98.8388
1123.3320,98.8773
1124.2963,98.914
1125.2605,98.9476
1126.2247,98.9785
1127.1890,99.0079
1128.1532,99.037
1129.1174,99.0658
1130.0817,99.0927
1131.0459,99.1155
1132.0101,99.1323
1132.9744,99.1428
1133.9386,99.1484
1134.9028,99.1515
1135.8671,99.1546
1136.8313,99.1593
1137.7955,99.1659
1138.7598,99.174
1139.7240,99.183
1140.6882,99.1921
1141.6525,99.2005
1142.6167,99.2078
1143.5809,99.2134
1144.5452,99.2175
1145.5094,99.2204
1146.4736,99.2228
1147.4379,99.2253
1148.4021,99.2277
1149.3663,99.2296
1150.3306,99.2306
1151.2948,99.2306
1152.2590,99.2305
1153.2233,99.2311
1154.1875,99.2335
1155.1517,99.2385
1156.1160,99.2465
1157.0802,99.2573
1158.0444,99.2707
1159.0087,99.2853
1159.9729,99.2995
1160.9371,99.3116
1161.9014,99.3203
1162.8656,99.3257
1163.8298,99.3286
1164.7941,99.3303
1165.7583,99.3316
1166.7225,99.3326
1167.6868,99.3329
1168.6510,99.3325
1169.6152,99.3318
1170.5795,99.3313
1171.5437,99.3311
1172.5079,99.3309
1173.4722,99.3298
1174.4364,99.3279
1175.4006,99.3272
1176.3649,99.3305
1177.3291,99.3404
1178.2933,99.3574
1179.2576,99.3782
1180.2218,99.3974
1181.1860,99.4087
1182.1503,99.4087
1183.1145,99.3976
1184.0787,99.3796
1185.0430,99.3601
1186.0072,99.3439
1186.9714,99.3333
1187.9357,99.3281
1188.8999,99.327
1189.8641,99.3288
1190.8284,99.333
1191.7926,99.3393
1192.7568,99.3468
1193.7211,99.3538
1194.6853,99.3579
1195.6495,99.3579
1196.6138,99.354
1197.5780,99.3481
1198.5422,99.3424
1199.5065,99.338
1200.4707,99.3351
1201.4349,99.3326
1202.3992,99.3299
1203.3634,99.327
1204.3276,99.3241
1205.2919,99.3214
1206.2561,99.3185
1207.2203,99.3152
1208.1846,99.3112
1209.1488,99.3066
1210.1130,99.3013
1211.0773,99.2945
1212.0415,99.285
1213.0057,99.2725
1213.9700,99.2588
1214.9342,99.2473
1215.8984,99.2422
1216.8627,99.2452
1217.8269,99.2547
1218.7911,99.2663
1219.7554,99.275
1220.7196,99.2778
1221.6838,99.2746
1222.6481,99.2673
1223.6123,99.2583
1224.5765,99.2482
1225.5408,99.237
1226.5050,99.2241
1227.4692,99.2101
1228.4335,99.1961
1229.3977,99.1833
1230.3619,99.1717
1231.3262,99.1602
1232.2904,99.1473
1233.2546,99.1322
1234.2189,99.1151
1235.1831,99.0966
1236.1473,99.0769
1237.1116,99.0549
1238.0758,99.0291
1239.0400,98.9978
1240.0043,98.9606
1240.9685,98.9179
1241.9327,98.8715
1242.8970,98.8233
1243.8612,98.7765
1244.8254,98.7348
1245.7897,98.7026
1246.7539,98.6836
1247.7181,98.6794
1248.6824,98.6887
1249.6466,98.7074
1250.6108,98.7293
1251.5751,98.7487
1252.5393,98.7609
1253.5035,98.7635
1254.4678,98.7553
1255.4320,98.736
1256.3962,98.7054
1257.3605,98.6638
1258.3247,98.6121
1259.2889,98.552
1260.2532,98.4864
1261.2174,98.4186
1262.1816,98.3523
1263.1459,98.2906
1264.1101,98.2368
1265.0743,98.1938
1266.0386,98.1646
1267.0028,98.1511
1267.9670,98.1543
1268.9313,98.173
1269.8955,98.2041
1270.8597,98.2431
1271.8240,98.2852
1272.7882,98.3265
1273.7524,98.3652
1274.7167,98.4014
1275.6809,98.4363
1276.6451,98.4707
1277.6094,98.5049
1278.5736,98.5379
1279.5378,98.568
1280.5021,98.5938
1281.4663,98.6143
1282.4305,98.6292
1283.3948,98.6386
1284.3590,98.643
1285.3232,98.6428
1286.2875,98.6385
1287.2517,98.6304
1288.2159,98.6182
1289.1802,98.6015
1290.1444,98.5799
1291.1086,98.5536
1292.0729,98.5239
1293.0371,98.4928
1294.0013,98.4622
1294.9656,98.4326
1295.9298,98.4035
1296.8940,98.3738
1297.8583,98.3433
1298.8225,98.3137
1299.7867,98.2886
1300.7510,98.2717
1301.7152,98.2651
1302.6794,98.2679
1303.6437,98.2769
1304.6079,98.2882
1305.5721,98.2991
1306.5364,98.309
1307.5006,98.3193
1308.4648,98.3323
1309.4291,98.3503
1310.3933,98.375
1311.3575,98.4067
1312.3218,98.4438
1313.2860,98.4832
1314.2502,98.5212
1315.2145,98.5549
1316.1787,98.5839
1317.1429,98.6108
1318.1072,98.6394
1319.0714,98.6727
1320.0356,98.7106
1320.9999,98.7502
1321.9641,98.7867
1322.9283,98.8166
1323.8926,98.8388
1324.8568,98.8544
1325.8210,98.8667
1326.7853,98.8786
1327.7495,98.892
1328.7137,98.9068
1329.6780,98.9207
1330.6422,98.9297
1331.6064,98.929
1332.5707,98.914
1333.5349,98.8815
1334.4991,98.8311
1335.4634,98.7655
1336.4276,98.6909
1337.3918,98.6166
1338.3561,98.5533
1339.3203,98.5087
1340.2845,98.4825
1341.2488,98.4669
1342.2130,98.4509
1343.1772,98.4258
1344.1415,98.3873
1345.1057,98.336
1346.0699,98.2753
1347.0342,98.2103
1347.9984,98.1457
1348.9626,98.0851
1349.9269,98.0307
1350.8911,97.9849
1351.8553,97.9502
1352.8196,97.9296
1353.7838,97.9239
1354.7480,97.9296
1355.7123,97.9377
1356.6765,97.9364
1357.6407,97.9151
1358.6050,97.8689
1359.5692,97.7995
1360.5334,97.7152
1361.4977,97.6282
1362.4619,97.5492
1363.4261,97.4817
1364.3904,97.422
1365.3546,97.3649
1366.3188,97.3098
1367.2831,97.2621
1368.2473,97.2306
1369.2115,97.2219
1370.1758,97.2362
1371.1400,97.2656
1372.1042,97.2942
1373.0685,97.3011
1374.0327,97.2665
1374.9969,97.1839
1375.9612,97.0702
1376.9254,96.9639
1377.8896,96.9117
1378.8539,96.953
1379.8181,97.104
1380.7823,97.3466
1381.7466,97.633
1382.7108,97.9065
1383.6750,98.1266
1384.6393,98.2806
1385.6035,98.3807
1386.5677,98.4512
1387.5320,98.5129
1388.4962,98.5709
1389.4604,98.6167
1390.4247,98.6396
1391.3889,98.6347
1392.3531,98.605
1393.3174,98.5602
1394.2816,98.5137
1395.2458,98.4786
1396.2101,98.4617
1397.1743,98.4618
1398.1385,98.4721
1399.1028,98.4838
1400.0670,98.4885
1401.0313,98.4801
1401.9955,98.4553
1402.9597,98.4149
1403.9240,98.3635
1404.8882,98.3085
1405.8524,98.2565
1406.8167,98.2095
1407.7809,98.1655
1408.7451,98.1211
1409.7094,98.0751
1410.6736,98.0284
1411.6378,97.9815
1412.6021,97.9316
1413.5663,97.8725
1414.5305,97.7978
1415.4948,97.7059
1416.4590,97.605
1417.4232,97.5154
1418.3875,97.4626
1419.3517,97.4566
1420.3159,97.4802
1421.2802,97.5023
1422.2444,97.4982
1423.2086,97.4571
1424.1729,97.3799
1425.1371,97.2741
1426.1013,97.148
1427.0656,97.0057
1428.0298,96.8455
1428.9940,96.6652
1429.9583,96.4674
1430.9225,96.2602
1431.8867,96.0513
1432.8510,95.8422
1433.8152,95.6302
1434.7794,95.4166
1435.7437,95.2149
1436.7079,95.0464
1437.6721,94.9195
1438.6364,94.8171
1439.6006,94.7111
1440.5648,94.5819
1441.5291,94.4245
1442.4933,94.2448
1443.4575,94.0525
1444.4218,93.8547
1445.3860,93.6523
1446.3502,93.4403
1447.3145,93.2069
1448.2787,92.9313
1449.2429,92.583
1450.2072,92.1323
1451.1714,91.5672
1452.1356,90.9003
1453.0999,90.1626
1454.0641,89.3807
1455.0283,88.5364
1455.9926,87.5203
1456.9568,86.1756
1457.9210,84.5065
1458.8853,82.7478
1459.8495,81.1344
1460.8137,79.7812
1461.7780,78.7546
1462.7422,78.1346
1463.7064,77.9849
1464.6707,78.2372
1465.6349,78.6241
1466.5991,78.8186
1467.5634,78.6439
1468.5276,78.1209
1469.4918,77.4226
1470.4561,76.8876
1471.4203,77.0638
1472.3845,78.5469
1473.3488,81.4669
1474.3130,85.1898
1475.2772,88.8176
1476.2415,91.8017
1477.2057,94.0074
1478.1699,95.515
1479.1342,96.4779
1480.0984,97.0646
1481.0626,97.4284
1482.0269,97.6805
1482.9911,97.8786
1483.9553,98.0379
1484.9196,98.157
1485.8838,98.2401
1486.8480,98.3051
1487.8123,98.3805
1488.7765,98.4879
1489.7407,98.6211
1490.7050,98.7487
1491.6692,98.842
1492.6334,98.892
1493.5977,98.904
1494.5619,98.8914
1495.5261,98.8748
1496.4904,98.8808
1497.4546,98.9302
1498.4188,99.0187
1499.3831,99.1176
1500.3473,99.1975
1501.3115,99.2432
1502.2758,99.251
1503.2400,99.2209
1504.2042,99.1548
1505.1685,99.0638
1506.1327,98.9857
1507.0969,98.9765
1508.0612,99.0462
1509.0254,99.1404
1509.9896,99.2111
1510.9539,99.2459
1511.9181,99.2511
1512.8823,99.2372
1513.8466,99.2141
1514.8108,99.1887
1515.7750,99.1631
1516.7393,99.1357
1517.7035,99.1058
1518.6677,99.0785
1519.6320,99.0649
1520.5962,99.0751
1521.5604,99.1081
1522.5247,99.1484
1523.4889,99.1771
1524.4531,99.1843
1525.4174,99.1718
1526.3816,99.1471
1527.3458,99.1166
1528.3101,99.0816
1529.2743,99.0411
1530.2385,98.9961
1531.2028,98.9539
1532.1670,98.9278
1533.1312,98.9293
1534.0955,98.956
1535.0597,98.9907
1536.0239,99.0149
1536.9882,99.0201
1537.9524,99.009
1538.9166,98.9946
1539.8809,98.9947
1540.8451,99.0148
1541.8093,99.0348
1542.7736,99.0334
1543.7378,99.0108
1544.7020,98.9789
1545.6663,98.9483
1546.6305,98.9245
1547.5947,98.9086
1548.5590,98.9002
1549.5232,98.9003
1550.4874,98.9114
1551.4517,98.9349
1552.4159,98.9681
1553.3801,99.0028
1554.3444,99.028
1555.3086,99.0315
1556.2728,99.0033
1557.2371,98.9444
1558.2013,98.8878
1559.1655,98.8876
1560.1298,98.9509
1561.0940,99.0348
1562.0582,99.1034
1563.0225,99.1425
1563.9867,99.1485
1564.9509,99.1233
1565.9152,99.0734
1566.8794,99.0121
1567.8436,98.9589
1568.8079,98.9315
1569.7721,98.9337
1570.7363,98.9518
1571.7006,98.9658
1572.6648,98.9618
1573.6290,98.9361
1574.5933,98.8952
1575.5575,98.8562
1576.5217,98.8388
1577.4860,98.8481
1578.4502,98.87
1579.4144,98.8867
1580.3787,98.8895
1581.3429,98.8789
1582.3071,98.8601
1583.2714,98.8395
1584.2356,98.8215
1585.1998,98.807
1586.1641,98.795
1587.1283,98.7847
1588.0925,98.7758
1589.0568,98.7678
1590.0210,98.7584
1590.9852,98.7441
1591.9495,98.7211
1592.9137,98.6889
1593.8779,98.6506
1594.8422,98.6133
1595.8064,98.585
1596.7706,98.5719
1597.7349,98.5759
1598.6991,98.595
1599.6633,98.6245
1600.6276,98.6583
1601.5918,98.6904
1602.5560,98.7164
1603.5203,98.7341
1604.4845,98.7441
1605.4487,98.7496
1606.4130,98.7553
1607.3772,98.7666
1608.3414,98.7867
1609.3057,98.8132
1610.2699,98.8383
1611.2341,98.8521
1612.1984,98.8482
1613.1626,98.8268
1614.1268,98.7961
1615.0911,98.7711
1616.0553,98.7679
1617.0195,98.7886
1617.9838,98.8156
1618.9480,98.8268
1619.9122,98.8103
1620.8765,98.7657
1621.8407,98.7006
1622.8049,98.629
1623.7692,98.5667
1624.7334,98.5243
1625.6976,98.503
1626.6619,98.4983
1627.6261,98.5039
1628.5903,98.5125
1629.5546,98.5159
1630.5188,98.5071
1631.4830,98.4827
1632.4473,98.445
1633.4115,98.404
1634.3757,98.3775
1635.3400,98.3819
1636.3042,98.4098
1637.2684,98.4264
1638.2327,98.3997
1639.1969,98.3188
1640.1611,98.1866
1641.1254,98.012
1642.0896,97.8078
1643.0538,97.5945
1644.0181,97.408
1644.9823,97.304
1645.9465,97.3341
1646.9108,97.4875
1647.8750,97.6782
1648.8392,97.8211
1649.8035,97.8892
1650.7677,97.9067
1651.7319,97.9348
1652.6962,98.0529
1653.6604,98.28
1654.6246,98.5221
1655.5889,98.6905
1656.5531,98.7771
1657.5173,98.8081
1658.4816,98.8079
1659.4458,98.7956
1660.4100,98.7893
1661.3743,98.8057
1662.3385,98.8505
1663.3027,98.9118
1664.2670,98.97
1665.2312,99.0138
1666.1954,99.0452
1667.1597,99.0757
1668.1239,99.1184
1669.0881,99.1765
1670.0524,99.2357
1671.0166,99.2751
1671.9808,99.2861
1672.9451,99.2791
1673.9093,99.2751
1674.8735,99.2936
1675.8378,99.3402
1676.8020,99.4013
1677.7662,99.4534
1678.7305,99.4789
1679.6947,99.472
1680.6589,99.4375
1681.6232,99.3923
1682.5874,99.3688
1683.5516,99.404
1684.5159,99.5031
1685.4801,99.6268
1686.4443,99.7347
1687.4086,99.8132
1688.3728,99.8646
1689.3370,99.8924
1690.3013,99.8966
1691.2655,99.876
1692.2297,99.8335
1693.1940,99.7796
1694.1582,99.7325
1695.1224,99.7134
1696.0867,99.7371
1697.0509,99.8021
1698.0151,99.8894
1698.9794,99.9747
1699.9436,100.042
1700.9078,100.088
1701.8721,100.114
1702.8363,100.12
1703.8005,100.108
1704.7648,100.079
1705.7290,100.039
1706.6932,100
1707.6575,99.9723
1708.6217,99.9592
1709.5859,99.957
1710.5502,99.9585
1711.5144,99.9563
1712.4786,99.9444
1713.4429,99.9193
1714.4071,99.8833
1715.3713,99.8464
1716.3356,99.825
1717.2998,99.8279
1718.2640,99.8424
1719.2283,99.8441
1720.1925,99.8169
1721.1567,99.7589
1722.1210,99.6778
1723.0852,99.5883
1724.0494,99.5088
1725.0137,99.4568
1725.9779,99.4422
1726.9421,99.4631
1727.9064,99.5068
1728.8706,99.556
1729.8348,99.5963
1730.7991,99.6243
1731.7633,99.6536
1732.7275,99.712
1733.6918,99.8193
1734.6560,99.9611
1735.6202,100.097
1736.5845,100.195
1737.5487,100.246
1738.5129,100.255
1739.4772,100.236
1740.4414,100.207
1741.4056,100.184
1742.3699,100.181
1743.3341,100.196
1744.2983,100.225
1745.2626,100.257
1746.2268,100.283
1747.1910,100.299
1748.1553,100.31
1749.1195,100.326
1750.0837,100.36
1751.0480,100.41
1752.0122,100.464
1752.9764,100.509
1753.9407,100.536
1754.9049,100.545
1755.8691,100.542
1756.8334,100.532
1757.7976,100.522
1758.7618,100.52
1759.7261,100.532
1760.6903,100.563
1761.6545,100.611
1762.6188,100.667
1763.5830,100.716
1764.5472,100.746
1765.5115,100.753
1766.4757,100.74
1767.4399,100.715
1768.4042,100.687
1769.3684,100.664
1770.3326,100.652
1771.2969,100.658
1772.2611,100.68
1773.2253,100.714
1774.1896,100.752
1775.1538,100.786
1776.1180,100.81
1777.0823,100.824
1778.0465,100.828
1779.0107,100.822
1779.9750,100.805
1780.9392,100.78
1781.9034,100.751
1782.8677,100.727
1783.8319,100.713
1784.7961,100.714
1785.7604,100.722
1786.7246,100.73
1787.6888,100.727
1788.6531,100.712
1789.6173,100.693
1790.5815,100.682
1791.5458,100.694
1792.5100,100.733
1793.4742,100.784
1794.4385,100.828
1795.4027,100.852
1796.3669,100.853
1797.3312,100.833
1798.2954,100.799
1799.2596,100.76
1800.2239,100.729
1801.1881,100.717
1802.1523,100.727
1803.1166,100.753
1804.0808,100.786
1805.0450,100.818
1806.0093,100.842
1806.9735,100.86
1807.9377,100.873
1808.9020,100.887
1809.8662,100.903
1810.8304,100.921
1811.7947,100.938
1812.7589,100.952
1813.7231,100.96
1814.6874,100.961
1815.6516,100.954
1816.6158,100.938
1817.5801,100.915
1818.5443,100.89
1819.5085,100.868
1820.4728,100.852
1821.4370,100.846
1822.4012,100.85
1823.3655,100.863
1824.3297,100.883
1825.2939,100.901
1826.2582,100.914
1827.2224,100.918
1828.1866,100.917
1829.1509,100.918
1830.1151,100.923
1831.0793,100.933
1832.0436,100.939
1833.0078,100.937
1833.9720,100.928
1834.9363,100.917
1835.9005,100.914
1836.8647,100.926
1837.8290,100.951
1838.7932,100.979
1839.7574,100.997
1840.7217,100.998
1841.6859,100.985
1842.6501,100.967
1843.6144,100.955
1844.5786,100.958
1845.5428,100.972
1846.5071,100.987
1847.4713,100.997
1848.4355,101
1849.3998,101
1850.3640,101.002
1851.3282,101.007
1852.2925,101.015
1853.2567,101.02
1854.2209,101.021
1855.1852,101.016
1856.1494,101.006
1857.1136,100.996
1858.0779,100.989
1859.0421,100.987
1860.0063,100.986
1860.9706,100.983
1861.9348,100.972
1862.8990,100.952
1863.8633,100.927
1864.8275,100.901
1865.7917,100.883
1866.7560,100.882
1867.7202,100.903
1868.6844,100.941
1869.6487,100.985
1870.6129,101.022
1871.5771,101.043
1872.5414,101.048
1873.5056,101.04
1874.4698,101.025
1875.4341,101.008
1876.3983,100.993
1877.3625,100.979
1878.3268,100.964
1879.2910,100.95
1880.2552,100.938
1881.2195,100.933
1882.1837,100.936
1883.1479,100.946
1884.1122,100.954
1885.0764,100.955
1886.0406,100.948
1887.0049,100.936
1887.9691,100.928
1888.9333,100.925
1889.8976,100.924
1890.8618,100.916
1891.8260,100.895
1892.7903,100.864
1893.7545,100.833
1894.7188,100.815
1895.6830,100.821
1896.6472,100.85
1897.6115,100.892
1898.5757,100.936
1899.5399,100.971
1900.5042,100.993
1901.4684,101.003
1902.4326,101.004
1903.3969,100.994
1904.3611,100.971
1905.3253,100.931
1906.2896,100.878
1907.2538,100.819
1908.2180,100.772
1909.1823,100.75
1910.1465,100.759
1911.1107,100.793
1912.0750,100.836
1913.0392,100.876
1914.0034,100.91
1914.9677,100.94
1915.9319,100.975
1916.8961,101.017
1917.8604,101.06
1918.8246,101.093
1919.7888,101.103
1920.7531,101.09
1921.7173,101.06
1922.6815,101.023
1923.6458,100.989
1924.6100,100.964
1925.5742,100.948
1926.5385,100.943
1927.5027,100.946
1928.4669,100.954
1929.4312,100.966
1930.3954,100.978
1931.3596,100.993
1932.3239,101.015
1933.2881,101.051
1934.2523,101.101
1935.2166,101.154
1936.1808,101.192
1937.1450,101.2
1938.1093,101.176
1939.0735,101.128
1940.0377,101.07
1941.0020,101.014
1941.9662,100.964
1942.9304,100.918
1943.8947,100.885
1944.8589,100.876
1945.8231,100.908
1946.7874,100.98
1947.7516,101.078
1948.7158,101.173
1949.6801,101.241
1950.6443,101.27
1951.6085,101.267
1952.5728,101.245
1953.5370,101.208
1954.5012,101.149
1955.4655,101.064
1956.4297,100.96
1957.3939,100.857
1958.3582,100.784
1959.3224,100.753
1960.2866,100.758
1961.2509,100.778
1962.2151,100.794
1963.1793,100.803
1964.1436,100.815
1965.1078,100.835
1966.0720,100.856
1967.0363,100.862
1968.0005,100.843
1968.9647,100.81
1969.9290,100.787
1970.8932,100.793
1971.8574,100.823
1972.8217,100.849
1973.7859,100.837
1974.7501,100.771
1975.7144,100.67
1976.6786,100.579
1977.6428,100.537
1978.6071,100.551
1979.5713,100.592
1980.5355,100.622
1981.4998,100.618
1982.4640,100.58
1983.4282,100.525
1984.3925,100.468
1985.3567,100.41
1986.3209,100.346
1987.2852,100.267
1988.2494,100.184
1989.2136,100.119
1990.1779,100.106
1991.1421,100.167
1992.1063,100.3
1993.0706,100.481
1994.0348,100.674
1994.9990,100.846
1995.9633,100.979
1996.9275,101.062
1997.8917,101.093
1998.8560,101.075
1999.8202,101.017
2000.7844,100.935
2001.7487,100.845
2002.7129,100.758
2003.6771,100.674
2004.6414,100.589
2005.6056,100.503
2006.5698,100.432
2007.5341,100.401
2008.4983,100.438
2009.4625,100.548
2010.4268,100.702
2011.3910,100.842
2012.3552,100.895
2013.3195,100.814
2014.2837,100.597
2015.2479,100.299
2016.2122,100.014
2017.1764,99.8272
2018.1406,99.7792
2019.1049,99.8503
2020.0691,99.9841
2021.0333,100.125
2021.9976,100.247
2022.9618,100.353
2023.9260,100.46
2024.8903,100.576
2025.8545,100.694
2026.8187,100.791
2027.7830,100.846
2028.7472,100.843
2029.7114,100.768
2030.6757,100.619
2031.6399,100.403
2032.6041,100.153
2033.5684,99.9309
2034.5326,99.8032
2035.4968,99.8143
2036.4611,99.9596
2037.4253,100.187
2038.3895,100.42
2039.3538,100.593
2040.3180,100.674
2041.2822,100.671
2042.2465,100.615
2043.2107,100.536
2044.1749,100.446
2045.1392,100.341
2046.1034,100.213
2047.0676,100.076
2048.0320,99.9621
2048.9961,99.9086
2049.9604,99.9385
2050.9246,100.048
2051.8889,100.209
2052.8530,100.386
2053.8174,100.547
2054.7815,100.669
2055.7458,100.745
2056.7100,100.779
2057.6743,100.778
2058.6384,100.75
2059.6028,100.702
2060.5669,100.638
2061.5313,100.565
2062.4954,100.496
2063.4597,100.445
2064.4238,100.424
2065.3882,100.44
2066.3523,100.49
2067.3167,100.563
2068.2808,100.647
2069.2451,100.73
2070.2092,100.803
2071.1736,100.859
2072.1377,100.892
2073.1021,100.895
2074.0662,100.864
2075.0305,100.804
2075.9946,100.727
2076.9590,100.649
2077.9231,100.59
2078.8875,100.56
2079.8516,100.564
2080.8159,100.595
2081.7800,100.647
2082.7444,100.709
2083.7085,100.773
2084.6729,100.834
2085.6370,100.886
2086.6013,100.927
2087.5654,100.957
2088.5298,100.98
2089.4939,100.998
2090.4583,101.013
2091.4224,101.021
2092.3867,101.016
2093.3508,100.99
2094.3152,100.942
2095.2793,100.882
2096.2437,100.824
2097.2078,100.784
2098.1721,100.77
2099.1362,100.782
2100.1006,100.813
2101.0647,100.851
2102.0291,100.889
2102.9932,100.923
2103.9575,100.946
2104.9216,100.954
2105.8860,100.941
2106.8501,100.904
2107.8145,100.848
2108.7786,100.782
2109.7429,100.722
2110.7070,100.68
2111.6714,100.664
2112.6355,100.676
2113.5999,100.717
2114.5640,100.779
2115.5283,100.857
2116.4924,100.94
2117.4568,101.015
2118.4209,101.071
2119.3853,101.103
2120.3494,101.112
2121.3137,101.107
2122.2778,101.097
2123.2422,101.09
2124.2063,101.089
2125.1707,101.089
2126.1348,101.089
2127.0991,101.091
2128.0632,101.105
2129.0276,101.141
2129.9917,101.209
2130.9561,101.3
2131.9202,101.394
2132.8845,101.464
2133.8486,101.482
2134.8130,101.438
2135.7771,101.341
2136.7415,101.211
2137.7056,101.071
2138.6699,100.935
2139.6340,100.815
2140.5984,100.721
2141.5625,100.666
2142.5269,100.659
2143.4910,100.699
2144.4553,100.766
2145.4194,100.837
2146.3838,100.893
2147.3479,100.931
2148.3123,100.964
2149.2764,101.009
2150.2407,101.07
2151.2048,101.141
2152.1692,101.206
2153.1333,101.252
2154.0977,101.268
2155.0618,101.234
2156.0261,101.122
2156.9902,100.9
2157.9546,100.564
2158.9187,100.169
2159.8831,99.8208
2160.8472,99.6148
2161.8115,99.5902
2162.7756,99.7207
2163.7400,99.9403
2164.7041,100.174
2165.6685,100.36
2166.6326,100.46
2167.5969,100.462
2168.5610,100.381
2169.5254,100.251
2170.4895,100.116
2171.4539,100.015
2172.4180,99.9763
2173.3823,100.005
2174.3464,100.092
2175.3108,100.221
2176.2749,100.378
2177.2393,100.554
2178.2034,100.729
2179.1677,100.875
2180.1318,100.951
2181.0962,100.93
2182.0603,100.817
2183.0247,100.655
2183.9888,100.505
2184.9531,100.411
2185.9172,100.381
2186.8816,100.385
2187.8457,100.385
2188.8101,100.36
2189.7742,100.325
2190.7385,100.316
2191.7026,100.366
2192.6670,100.483
2193.6311,100.637
2194.5955,100.776
2195.5596,100.851
2196.5239,100.843
2197.4880,100.768
2198.4524,100.668
2199.4165,100.586
2200.3809,100.546
2201.3450,100.548
2202.3093,100.577
2203.2734,100.621
2204.2378,100.676
2205.2019,100.744
2206.1663,100.822
2207.1304,100.894
2208.0947,100.935
2209.0588,100.924
2210.0232,100.855
2210.9873,100.741
2211.9517,100.609
2212.9158,100.483
2213.8801,100.377
2214.8442,100.299
2215.8086,100.252
2216.7727,100.24
2217.7371,100.27
2218.7012,100.341
2219.6655,100.447
2220.6296,100.572
2221.5940,100.696
2222.5581,100.8
2223.5225,100.872
2224.4866,100.905
2225.4509,100.901
2226.4150,100.864
2227.3794,100.805
2228.3435,100.738
2229.3079,100.676
2230.2720,100.627
2231.2363,100.595
2232.2004,100.583
2233.1648,100.587
2234.1289,100.603
2235.0933,100.627
2236.0574,100.656
2237.0217,100.688
2237.9858,100.726
2238.9502,100.772
2239.9143,100.823
2240.8787,100.869
2241.8428,100.894
2242.8071,100.89
2243.7712,100.854
2244.7356,100.799
2245.6997,100.74
2246.6641,100.692
2247.6282,100.661
2248.5925,100.648
2249.5566,100.646
2250.5210,100.65
2251.4851,100.655
2252.4495,100.656
2253.4136,100.651
2254.3779,100.639
2255.3420,100.629
2256.3064,100.631
2257.2705,100.652
2258.2349,100.688
2259.1990,100.728
2260.1633,100.756
2261.1274,100.758
2262.0918,100.732
2263.0559,100.682
2264.0203,100.618
2264.9844,100.551
2265.9487,100.491
2266.9128,100.448
2267.8772,100.429
2268.8413,100.435
2269.8057,100.462
2270.7698,100.5
2271.7341,100.533
2272.6982,100.554
2273.6626,100.56
2274.6267,100.553
2275.5911,100.537
2276.5552,100.513
2277.5195,100.478
2278.4836,100.432
2279.4480,100.376
2280.4121,100.32
2281.3765,100.273
2282.3406,100.243
2283.3049,100.228
2284.2690,100.224
2285.2334,100.222
2286.1975,100.217
2287.1619,100.207
2288.1260,100.193
2289.0903,100.174
2290.0544,100.146
2291.0188,100.102
2291.9829,100.038
2292.9473,99.9525
2293.9114,99.8529
2294.8757,99.7506
2295.8398,99.658
2296.8042,99.5829
2297.7683,99.5263
2298.7327,99.4824
2299.6968,99.4424
2300.6611,99.3982
2301.6252,99.3445
2302.5896,99.279
2303.5537,99.2004
2304.5181,99.107
2305.4822,98.9968
2306.4465,98.8695
2307.4106,98.7302
2308.3750,98.5909
2309.3391,98.4677
2310.3035,98.375
2311.2676,98.318
2312.2319,98.2887
2313.1960,98.2692
2314.1604,98.24
2315.1245,98.1886
2316.0889,98.1119
2317.0530,98.014
2318.0173,97.9012
2318.9814,97.7791
2319.9458,97.6542
2320.9099,97.5376
2321.8743,97.4453
2322.8384,97.3928
2323.8027,97.3859
2324.7668,97.4168
2325.7312,97.4681
2326.6953,97.5208
2327.6597,97.5627
2328.6238,97.5932
2329.5881,97.6233
2330.5522,97.6678
2331.5166,97.7334
2332.4807,97.812
2333.4451,97.8839
2334.4092,97.9298
2335.3735,97.9402
2336.3376,97.9185
2337.3020,97.8766
2338.2661,97.8259
2339.2305,97.7706
2340.1946,97.7106
2341.1589,97.6527
2342.1230,97.6199
2343.0874,97.6458
2344.0515,97.7479
2345.0159,97.9029
2345.9800,98.0586
2346.9443,98.168
2347.9084,98.2082
2348.8728,98.1768
2349.8369,98.0822
2350.8013,97.9381
2351.7654,97.7623
2352.7297,97.5747
2353.6938,97.3922
2354.6582,97.2223
2355.6223,97.0635
2356.5867,96.9163
2357.5508,96.7917
2358.5151,96.7093
2359.4792,96.6853
2360.4436,96.722
2361.4077,96.8082
2362.3721,96.9265
2363.3362,97.0603
2364.3005,97.1968
2365.2646,97.3273
2366.2290,97.449
2367.1931,97.5659
2368.1575,97.6867
2369.1216,97.8212
2370.0859,97.9752
2371.0500,98.1488
2372.0144,98.3371
2372.9785,98.5332
2373.9429,98.73
2374.9070,98.9225
2375.8713,99.1077
2376.8354,99.285
2377.7998,99.4563
2378.7639,99.6247
2379.7283,99.7935
2380.6924,99.9646
2381.6567,100.137
2382.6208,100.305
2383.5852,100.464
2384.5493,100.606
2385.5137,100.724
2386.4778,100.818
2387.4421,100.888
2388.4063,100.937
2389.3706,100.972
2390.3347,100.998
2391.2991,101.021
2392.2632,101.045
2393.2275,101.071
2394.1917,101.098
2395.1560,101.123
2396.1201,101.142
2397.0845,101.15
2398.0486,101.149
2399.0129,101.14
2399.9771,101.127
2400.9414,101.11
2401.9055,101.091
2402.8699,101.068
2403.8340,101.043
2404.7983,101.016
2405.7625,100.989
2406.7268,100.966
2407.6909,100.952
2408.6553,100.952
2409.6194,100.965
2410.5837,100.992
2411.5479,101.029
2412.5122,101.068
2413.4763,101.1
2414.4407,101.116
2415.4048,101.112
2416.3691,101.088
2417.3333,101.049
2418.2976,101.004
2419.2617,100.965
2420.2261,100.941
2421.1902,100.935
2422.1545,100.946
2423.1187,100.968
2424.0830,100.991
2425.0471,101.009
2426.0115,101.02
2426.9756,101.026
2427.9399,101.031
2428.9041,101.038
2429.8684,101.046
2430.8325,101.052
2431.7969,101.048
2432.7610,101.034
2433.7253,101.012
2434.6895,100.989
2435.6538,100.975
2436.6179,100.973
2437.5823,100.983
2438.5464,100.999
2439.5107,101.013
2440.4749,101.02
2441.4392,101.019
2442.4033,101.012
2443.3677,101.004
2444.3318,100.998
2445.2961,100.993
2446.2603,100.987
2447.2246,100.978
2448.1887,100.968
2449.1531,100.959
2450.1172,100.955
2451.0815,100.958
2452.0457,100.968
2453.0100,100.983
2453.9741,100.998
2454.9385,101.01
2455.9026,101.018
2456.8669,101.025
2457.8311,101.028
2458.7954,101.029
2459.7595,101.025
2460.7239,101.014
2461.6880,100.996
2462.6523,100.973
2463.6165,100.95
2464.5808,100.933
2465.5449,100.926
2466.5093,100.93
2467.4734,100.943
2468.4377,100.962
2469.4019,100.985
2470.3662,101.008
2471.3303,101.028
2472.2947,101.043
2473.2588,101.048
2474.2231,101.04
2475.1873,101.021
2476.1516,100.994
2477.1157,100.967
2478.0801,100.945
2479.0442,100.932
2480.0085,100.925
2480.9727,100.918
2481.9370,100.906
2482.9011,100.889
2483.8655,100.875
2484.8296,100.872
2485.7939,100.887
2486.7581,100.923
2487.7224,100.972
2488.6865,101.019
2489.6509,101.05
2490.6150,101.056
2491.5793,101.034
2492.5435,100.992
2493.5078,100.943
2494.4719,100.899
2495.4363,100.868
2496.4004,100.853
2497.3647,100.853
2498.3289,100.863
2499.2932,100.88
2500.2573,100.901
2501.2217,100.923
2502.1858,100.946
2503.1501,100.964
2504.1143,100.975
2505.0786,100.975
2506.0427,100.965
2507.0071,100.947
2507.9712,100.925
2508.9355,100.906
2509.8997,100.892
2510.8640,100.883
2511.8281,100.876
2512.7925,100.869
2513.7566,100.858
2514.7209,100.847
2515.6851,100.837
2516.6494,100.833
2517.6135,100.836
2518.5779,100.842
2519.5420,100.848
2520.5063,100.849
2521.4705,100.843
2522.4348,100.831
2523.3989,100.817
2524.3633,100.803
2525.3274,100.792
2526.2917,100.783
2527.2559,100.776
2528.2202,100.771
2529.1843,100.768
2530.1487,100.765
2531.1128,100.761
2532.0771,100.756
2533.0413,100.753
2534.0056,100.754
2534.9697,100.763
2535.9341,100.781
2536.8982,100.802
2537.8625,100.821
2538.8267,100.832
2539.7910,100.831
2540.7551,100.82
2541.7195,100.801
2542.6836,100.78
2543.6479,100.759
2544.6121,100.741
2545.5764,100.729
2546.5405,100.725
2547.5049,100.727
2548.4690,100.734
2549.4333,100.74
2550.3975,100.742
2551.3618,100.736
2552.3259,100.725
2553.2903,100.711
2554.2544,100.694
2555.2188,100.676
2556.1829,100.657
2557.1472,100.636
2558.1113,100.617
2559.0757,100.602
2560.0398,100.595
2561.0042,100.595
2561.9683,100.6
2562.9326,100.609
2563.8967,100.62
2564.8611,100.631
2565.8252,100.643
2566.7896,100.651
2567.7537,100.652
2568.7180,100.645
2569.6821,100.631
2570.6465,100.612
2571.6106,100.594
2572.5750,100.58
2573.5391,100.572
2574.5034,100.57
2575.4675,100.569
2576.4319,100.565
2577.3960,100.555
2578.3604,100.536
2579.3245,100.509
2580.2888,100.482
2581.2529,100.46
2582.2173,100.45
2583.1814,100.453
2584.1458,100.465
2585.1099,100.475
2586.0742,100.475
2587.0383,100.462
2588.0027,100.438
2588.9668,100.41
2589.9312,100.385
2590.8953,100.366
2591.8596,100.356
2592.8237,100.355
2593.7881,100.359
2594.7522,100.362
2595.7166,100.358
2596.6807,100.341
2597.6450,100.307
2598.6091,100.263
2599.5735,100.219
2600.5376,100.185
2601.5020,100.168
2602.4661,100.165
2603.4304,100.166
2604.3945,100.164
2605.3589,100.157
2606.3230,100.146
2607.2874,100.135
2608.2515,100.127
2609.2158,100.12
2610.1799,100.113
2611.1443,100.103
2612.1084,100.092
2613.0728,100.083
2614.0369,100.074
2615.0012,100.063
2615.9653,100.047
2616.9297,100.025
2617.8938,100.003
2618.8582,99.9856
2619.8223,99.9754
2620.7866,99.9702
2621.7507,99.9633
2622.7151,99.9486
2623.6792,99.9244
2624.6436,99.8956
2625.6077,99.8701
2626.5720,99.8545
2627.5361,99.8495
2628.5005,99.8507
2629.4646,99.8507
2630.4290,99.844
2631.3931,99.8291
2632.3574,99.8086
2633.3215,99.7865
2634.2859,99.7661
2635.2500,99.7493
2636.2144,99.7366
2637.1785,99.7283
2638.1428,99.725
2639.1069,99.727
2640.0713,99.7343
2641.0354,99.7457
2641.9998,99.7599
2642.9639,99.7751
2643.9282,99.7894
2644.8923,99.8006
2645.8567,99.8064
2646.8208,99.8049
2647.7852,99.7957
2648.7493,99.7805
2649.7136,99.7629
2650.6777,99.7471
2651.6421,99.7361
2652.6062,99.7309
2653.5706,99.7306
2654.5347,99.7336
2655.4990,99.7385
2656.4631,99.7447
2657.4275,99.7525
2658.3916,99.7624
2659.3560,99.7745
2660.3201,99.7885
2661.2844,99.8031
2662.2485,99.8167
2663.2129,99.8275
2664.1770,99.8344
2665.1414,99.8375
2666.1055,99.838
2667.0698,99.8377
2668.0339,99.8386
2668.9983,99.8421
2669.9624,99.8487
2670.9268,99.8585
2671.8909,99.871
2672.8552,99.8851
2673.8193,99.8991
2674.7837,99.9107
2675.7478,99.9183
2676.7122,99.921
2677.6763,99.9199
2678.6406,99.9168
2679.6047,99.9134
2680.5691,99.9105
2681.5332,99.9081
2682.4976,99.9062
2683.4617,99.9058
2684.4260,99.9081
2685.3901,99.9145
2686.3545,99.925
2687.3186,99.9381
2688.2830,99.9515
2689.2471,99.9634
2690.2114,99.9727
2691.1755,99.979
2692.1399,99.9821
2693.1040,99.9814
2694.0684,99.9767
2695.0325,99.9681
2695.9968,99.957
2696.9609,99.9452
2697.9253,99.9344
2698.8894,99.9257
2699.8538,99.9194
2700.8179,99.9159
2701.7822,99.9153
2702.7463,99.9171
2703.7107,99.9203
2704.6748,99.9227
2705.6392,99.922
2706.6033,99.9168
2707.5676,99.9072
2708.5317,99.8942
2709.4961,99.8791
2710.4602,99.8626
2711.4246,99.8445
2712.3887,99.8246
2713.3530,99.8037
2714.3171,99.7842
2715.2815,99.7688
2716.2456,99.7599
2717.2100,99.7576
2718.1741,99.7604
2719.1384,99.765
2720.1025,99.7684
2721.0669,99.7681
2722.0310,99.7629
2722.9954,99.7518
2723.9595,99.7341
2724.9238,99.7096
2725.8879,99.6794
2726.8523,99.6459
2727.8164,99.6129
2728.7808,99.5841
2729.7449,99.5623
2730.7092,99.5486
2731.6733,99.5424
2732.6377,99.5421
2733.6018,99.5456
2734.5662,99.5504
2735.5303,99.5538
2736.4946,99.5533
2737.4587,99.5472
2738.4231,99.5355
2739.3872,99.5193
2740.3516,99.5009
2741.3157,99.4823
2742.2800,99.4649
2743.2441,99.4496
2744.2085,99.4372
2745.1726,99.4286
2746.1370,99.4245
2747.1011,99.4244
2748.0654,99.4266
2749.0295,99.4281
2749.9939,99.4258
2750.9580,99.4174
2751.9224,99.4026
2752.8865,99.3826
2753.8508,99.3594
2754.8149,99.3353
2755.7793,99.3115
2756.7434,99.2879
2757.7078,99.2634
2758.6719,99.2366
2759.6362,99.207
2760.6003,99.1757
2761.5647,99.1459
2762.5288,99.1212
2763.4932,99.1036
2764.4573,99.0922
2765.4216,99.0833
2766.3857,99.0714
2767.3501,99.0522
2768.3142,99.0238
2769.2786,98.987
2770.2427,98.9437
2771.2070,98.8953
2772.1711,98.842
2773.1355,98.7838
2774.0996,98.7213
2775.0640,98.657
2776.0281,98.5943
2776.9924,98.536
2777.9565,98.4837
2778.9209,98.4367
2779.8850,98.3927
2780.8494,98.3487
2781.8135,98.3017
2782.7778,98.2488
2783.7419,98.188
2784.7063,98.1182
2785.6704,98.0396
2786.6348,97.9541
2787.5989,97.8642
2788.5632,97.7725
2789.5273,97.6806
2790.4917,97.589
2791.4558,97.4974
2792.4202,97.4059
2793.3843,97.3147
2794.3486,97.2245
2795.3127,97.1359
2796.2771,97.0492
2797.2412,96.9638
2798.2056,96.8778
2799.1697,96.7885
2800.1340,96.6917
2801.0981,96.5827
2802.0625,96.4581
2803.0266,96.3165
2803.9910,96.1604
2804.9551,95.9953
2805.9194,95.8281
2806.8835,95.6648
2807.8479,95.5081
2808.8120,95.3575
2809.7764,95.2096
2810.7405,95.06
2811.7048,94.904
2812.6689,94.7371
2813.6333,94.5548
2814.5974,94.3528
2815.5618,94.1275
2816.5259,93.8762
2817.4902,93.5976
2818.4543,93.2913
2819.4187,92.9578
2820.3828,92.5975
2821.3472,92.212
2822.3113,91.8031
2823.2756,91.3731
2824.2397,90.9225
2825.2041,90.4489
2826.1682,89.945
2827.1326,89.3994
2828.0967,88.797
2829.0610,88.1203
2830.0251,87.3494
2830.9895,86.4622
2831.9536,85.4347
2832.9180,84.2419
2833.8821,82.858
2834.8464,81.2562
2835.8105,79.4082
2836.7749,77.2842
2837.7390,74.8552
2838.7034,72.0973
2839.6675,68.9949
2840.6318,65.5426
2841.5959,61.7517
2842.5603,57.6666
2843.5244,53.3962
2844.4888,49.1516
2845.4529,45.267
2846.4172,42.1751
2847.3813,40.3218
2848.3457,40.039
2849.3098,41.4271
2850.2742,44.3089
2851.2383,48.2816
2852.2026,52.8397
2853.1667,57.5116
2854.1311,61.9529
2855.0952,65.9744
2856.0596,69.5148
2857.0237,72.5897
2857.9880,75.2439
2858.9521,77.5249
2859.9165,79.4743
2860.8806,81.1289
2861.8450,82.5233
2862.8091,83.6888
2863.7734,84.6514
2864.7375,85.4301
2865.7019,86.0373
2866.6660,86.4816
2867.6304,86.7717
2868.5945,86.9188
2869.5588,86.9377
2870.5229,86.8453
2871.4873,86.6575
2872.4514,86.3869
2873.4158,86.0408
2874.3799,85.6235
2875.3442,85.1379
2876.3083,84.5884
2877.2727,83.9813
2878.2368,83.3241
2879.2012,82.6235
2880.1653,81.8837
2881.1296,81.1057
2882.0938,80.2876
2883.0581,79.427
2884.0222,78.5227
2884.9866,77.5766
2885.9507,76.5947
2886.9150,75.5861
2887.8792,74.5613
2888.8435,73.5308
2889.8076,72.5032
2890.7720,71.4851
2891.7361,70.4814
2892.7004,69.496
2893.6646,68.5311
2894.6289,67.5869
2895.5930,66.6604
2896.5574,65.7441
2897.5215,64.8252
2898.4858,63.8859
2899.4500,62.9044
2900.4143,61.8576
2901.3784,60.7225
2902.3428,59.4782
2903.3069,58.1067
2904.2712,56.5927
2905.2354,54.9236
2906.1997,53.0898
2907.1638,51.0869
2908.1282,48.9211
2909.0923,46.62
2910.0566,44.2451
2911.0208,41.9019
2911.9851,39.7402
2912.9492,37.9386
2913.9136,36.6743
2914.8777,36.0862
2915.8420,36.2448
2916.8062,37.1396
2917.7705,38.6882
2918.7346,40.7608
2919.6990,43.2108
2920.6631,45.899
2921.6274,48.7076
2922.5916,51.5446
2923.5559,54.3421
2924.5200,57.0534
2925.4844,59.6514
2926.4485,62.126
2927.4128,64.4793
2928.3770,66.7199
2929.3413,68.8561
2930.3054,70.8934
2931.2698,72.8345
2932.2339,74.681
2933.1982,76.435
2934.1624,78.0987
2935.1267,79.6729
2936.0908,81.157
2937.0552,82.5499
2938.0193,83.8524
2938.9836,85.0681
2939.9478,86.2028
2940.9121,87.2616
2941.8762,88.2467
2942.8406,89.1575
2943.8047,89.9916
2944.7690,90.747
2945.7332,91.4231
2946.6975,92.02
2947.6616,92.5378
2948.6260,92.9761
2949.5901,93.3356
2950.5544,93.6196
2951.5186,93.8355
2952.4829,93.995
2953.4470,94.112
2954.4114,94.2008
2955.3755,94.2742
2956.3398,94.3428
2957.3040,94.4156
2958.2683,94.5001
2959.2324,94.6024
2960.1968,94.727
2961.1609,94.8769
2962.1252,95.0533
2963.0894,95.2563
2964.0537,95.4841
2965.0178,95.7328
2965.9822,95.9962
2966.9463,96.2657
2967.9106,96.5327
2968.8748,96.7904
2969.8391,97.0355
2970.8032,97.2684
2971.7676,97.4915
2972.7317,97.7072
2973.6960,97.916
2974.6602,98.116
2975.6245,98.3046
2976.5886,98.4795
2977.5530,98.6401
2978.5171,98.7874
2979.4814,98.9224
2980.4456,99.0457
2981.4099,99.157
2982.3740,99.2561
2983.3384,99.3434
2984.3025,99.4201
2985.2668,99.4878
2986.2310,99.5477
2987.1953,99.6006
2988.1594,99.6477
2989.1238,99.6913
2990.0879,99.7338
2991.0522,99.7771
2992.0164,99.8211
2992.9807,99.8641
2993.9448,99.9039
2994.9092,99.9399
2995.8733,99.9736
2996.8376,100.007
2997.8018,100.041
2998.7661,100.072
2999.7302,100.097
3000.6946,100.111
3001.6587,100.113
3002.6230,100.108
3003.5872,100.101
3004.5515,100.097
3005.5156,100.1
3006.4800,100.111
3007.4441,100.13
3008.4084,100.154
3009.3726,100.183
3010.3369,100.214
3011.3010,100.244
3012.2654,100.269
3013.2295,100.29
3014.1938,100.305
3015.1580,100.318
3016.1223,100.328
3017.0864,100.335
3018.0508,100.338
3019.0149,100.339
3019.9792,100.338
3020.9434,100.34
3021.9077,100.348
3022.8718,100.363
3023.8362,100.386
3024.8003,100.411
3025.7646,100.435
3026.7288,100.455
3027.6931,100.47
3028.6572,100.479
3029.6216,100.484
3030.5857,100.487
3031.5500,100.489
3032.5142,100.49
3033.4785,100.49
3034.4426,100.487
3035.4070,100.483
3036.3711,100.481
3037.3354,100.486
3038.2996,100.5
3039.2639,100.523
3040.2280,100.549
3041.1924,100.574
3042.1565,100.593
3043.1208,100.603
3044.0850,100.605
3045.0493,100.601
3046.0134,100.593
3046.9778,100.585
3047.9419,100.579
3048.9063,100.576
3049.8704,100.579
3050.8347,100.585
3051.7988,100.593
3052.7632,100.602
3053.7273,100.612
3054.6917,100.625
3055.6558,100.642
3056.6201,100.661
3057.5842,100.679
3058.5486,100.691
3059.5127,100.694
3060.4771,100.688
3061.4412,100.677
3062.4055,100.665
3063.3696,100.656
3064.3340,100.653
3065.2981,100.654
3066.2625,100.656
3067.2266,100.658
3068.1909,100.66
3069.1550,100.663
3070.1194,100.669
3071.0835,100.682
3072.0479,100.699
3073.0120,100.718
3073.9763,100.734
3074.9404,100.745
3075.9048,100.749
3076.8689,100.746
3077.8333,100.739
3078.7974,100.731
3079.7617,100.725
3080.7258,100.723
3081.6902,100.723
3082.6543,100.725
3083.6187,100.727
3084.5828,100.73
3085.5471,100.734
3086.5112,100.74
3087.4756,100.749
3088.4397,100.76
3089.4041,100.769
3090.3682,100.776
3091.3325,100.779
3092.2966,100.778
3093.2610,100.775
3094.2251,100.771
3095.1895,100.767
3096.1536,100.764
3097.1179,100.762
3098.0820,100.764
3099.0464,100.772
3100.0105,100.785
3100.9749,100.803
3101.9390,100.822
3102.9033,100.839
3103.8674,100.852
3104.8318,100.86
3105.7959,100.863
3106.7603,100.862
3107.7244,100.857
3108.6887,100.849
3109.6528,100.84
3110.6172,100.833
3111.5813,100.83
3112.5457,100.832
3113.5098,100.838
3114.4741,100.845
3115.4382,100.851
3116.4026,100.854
3117.3667,100.855
3118.3311,100.856
3119.2952,100.857
3120.2595,100.857
3121.2236,100.853
3122.1880,100.846
3123.1521,100.835
3124.1165,100.824
3125.0806,100.814
3126.0449,100.808
3127.0090,100.805
3127.9734,100.805
3128.9375,100.806
3129.9019,100.809
3130.8660,100.813
3131.8303,100.818
3132.7944,100.824
3133.7588,100.827
3134.7229,100.826
3135.6873,100.82
3136.6514,100.811
3137.6157,100.801
3138.5798,100.792
3139.5442,100.784
3140.5083,100.778
3141.4727,100.77
3142.4368,100.759
3143.4011,100.747
3144.3652,100.735
3145.3296,100.725
3146.2937,100.72
3147.2581,100.719
3148.2222,100.722
3149.1865,100.726
3150.1506,100.73
3151.1150,100.732
3152.0791,100.73
3153.0435,100.722
3154.0076,100.708
3154.9719,100.688
3155.9360,100.667
3156.9004,100.647
3157.8645,100.632
3158.8289,100.621
3159.7930,100.613
3160.7573,100.605
3161.7214,100.595
3162.6858,100.584
3163.6499,100.575
3164.6143,100.569
3165.5784,100.567
3166.5427,100.568
3167.5068,100.57
3168.4712,100.568
3169.4353,100.559
3170.3997,100.541
3171.3638,100.515
3172.3281,100.483
3173.2922,100.452
3174.2566,100.427
3175.2207,100.413
3176.1851,100.409
3177.1492,100.41
3178.1135,100.412
3179.0776,100.41
3180.0420,100.404
3181.0061,100.396
3181.9705,100.387
3182.9346,100.378
3183.8989,100.366
3184.8630,100.351
3185.8274,100.332
3186.7915,100.313
3187.7559,100.297
3188.7200,100.286
3189.6843,100.28
3190.6484,100.276
3191.6128,100.272
3192.5769,100.269
3193.5413,100.268
3194.5054,100.273
3195.4697,100.283
3196.4338,100.296
3197.3982,100.308
3198.3623,100.314
3199.3267,100.313
3200.2908,100.307
3201.2551,100.298
3202.2192,100.288
3203.1836,100.279
3204.1477,100.272
3205.1121,100.265
3206.0762,100.26
3207.0405,100.259
3208.0046,100.264
3208.9690,100.276
3209.9331,100.293
3210.8975,100.311
3211.8616,100.327
3212.8259,100.337
3213.7900,100.34
3214.7544,100.336
3215.7185,100.327
3216.6829,100.317
3217.6470,100.31
3218.6113,100.308
3219.5754,100.309
3220.5398,100.311
3221.5039,100.31
3222.4683,100.305
3223.4324,100.298
3224.3967,100.294
3225.3608,100.298
3226.3252,100.31
3227.2893,100.33
3228.2537,100.354
3229.2178,100.375
3230.1821,100.386
3231.1462,100.386
3232.1106,100.375
3233.0747,100.355
3234.0391,100.332
3235.0032,100.311
3235.9675,100.296
3236.9316,100.287
3237.8960,100.285
3238.8601,100.288
3239.8245,100.295
3240.7886,100.304
3241.7529,100.313
3242.7170,100.321
3243.6814,100.327
3244.6455,100.331
3245.6099,100.331
3246.5740,100.328
3247.5383,100.322
3248.5024,100.313
3249.4668,100.3
3250.4309,100.285
3251.3953,100.271
3252.3594,100.263
3253.3237,100.263
3254.2878,100.272
3255.2522,100.285
3256.2163,100.3
3257.1807,100.31
3258.1448,100.313
3259.1091,100.311
3260.0732,100.303
3261.0376,100.291
3262.0017,100.276
3262.9661,100.26
3263.9302,100.244
3264.8945,100.232
3265.8586,100.225
3266.8230,100.222
3267.7871,100.222
3268.7515,100.222
3269.7156,100.22
3270.6799,100.217
3271.6440,100.216
3272.6084,100.218
3273.5725,100.226
3274.5369,100.234
3275.5010,100.241
3276.4653,100.241
3277.4294,100.233
3278.3938,100.219
3279.3579,100.201
3280.3223,100.184
3281.2864,100.171
3282.2507,100.163
3283.2148,100.157
3284.1792,100.153
3285.1433,100.148
3286.1077,100.144
3287.0718,100.142
3288.0361,100.146
3289.0002,100.156
3289.9646,100.169
3290.9287,100.18
3291.8931,100.182
3292.8572,100.175
3293.8215,100.16
3294.7856,100.141
3295.7500,100.122
3296.7141,100.105
3297.6785,100.09
3298.6426,100.078
3299.6069,100.07
3300.5710,100.068
3301.5354,100.078
3302.4995,100.097
3303.4639,100.124
3304.4280,100.148
3305.3923,100.164
3306.3564,100.164
3307.3208,100.15
3308.2849,100.128
3309.2493,100.104
3310.2134,100.086
3311.1777,100.075
3312.1418,100.07
3313.1062,100.068
3314.0703,100.065
3315.0347,100.062
3315.9988,100.061
3316.9631,100.061
3317.9272,100.064
3318.8916,100.071
3319.8557,100.078
3320.8201,100.086
3321.7842,100.091
3322.7485,100.093
3323.7126,100.09
3324.6770,100.083
3325.6411,100.074
3326.6055,100.066
3327.5696,100.059
3328.5339,100.052
3329.4980,100.044
3330.4624,100.035
3331.4265,100.027
3332.3909,100.023
3333.3550,100.026
3334.3193,100.035
3335.2834,100.047
3336.2478,100.058
3337.2119,100.064
3338.1763,100.064
3339.1404,100.06
3340.1047,100.051
3341.0688,100.04
3342.0332,100.028
3342.9973,100.016
3343.9617,100.005
3344.9258,99.9969
3345.8901,99.9921
3346.8542,99.9901
3347.8186,99.9894
3348.7827,99.9884
3349.7471,99.9864
3350.7112,99.9839
3351.6755,99.9822
3352.6396,99.9821
3353.6040,99.983
3354.5681,99.9826
3355.5325,99.9778
3356.4966,99.9665
3357.4609,99.9487
3358.4250,99.9275
3359.3894,99.9079
3360.3535,99.895
3361.3179,99.8919
3362.2820,99.898
3363.2463,99.9093
3364.2104,99.92
3365.1748,99.9253
3366.1389,99.9234
3367.1033,99.9159
3368.0674,99.9061
3369.0317,99.8964
3369.9958,99.887
3370.9602,99.8755
3371.9243,99.8594
3372.8887,99.8381
3373.8528,99.8136
3374.8171,99.79
3375.7813,99.7708
3376.7456,99.7573
3377.7097,99.7482
3378.6741,99.7411
3379.6382,99.7342
3380.6025,99.7275
3381.5667,99.7217
3382.5310,99.7168
3383.4951,99.7105
3384.4595,99.6984
3385.4236,99.6761
3386.3879,99.642
3387.3521,99.5993
3388.3164,99.5551
3389.2805,99.518
3390.2449,99.4949
3391.2090,99.4888
3392.1733,99.4983
3393.1375,99.519
3394.1018,99.5467
3395.0659,99.5784
3396.0303,99.6128
3396.9944,99.6484
3397.9587,99.6832
3398.9229,99.7146
3399.8872,99.7411
3400.8513,99.763
3401.8157,99.7813
3402.7798,99.7972
3403.7441,99.8105
3404.7083,99.8207
3405.6726,99.8283
3406.6367,99.8364
3407.6011,99.8498
3408.5652,99.8723
3409.5295,99.9049
3410.4937,99.9442
3411.4580,99.9834
3412.4221,100.016
3413.3865,100.037
3414.3506,100.047
3415.3149,100.047
3416.2791,100.039
3417.2434,100.027
3418.2075,100.014
3419.1719,100.003
3420.1360,99.9979
3421.1003,100.004
3422.0645,100.021
3423.0288,100.047
3423.9929,100.078
3424.9573,100.106
3425.9214,100.128
3426.8857,100.141
3427.8499,100.148
3428.8142,100.15
3429.7783,100.15
3430.7427,100.15
3431.7068,100.15
3432.6711,100.152
3433.6353,100.16
3434.5996,100.175
3435.5637,100.196
3436.5281,100.219
3437.4922,100.238
3438.4565,100.248
3439.4207,100.246
3440.3850,100.237
3441.3491,100.224
3442.3135,100.215
3443.2776,100.212
3444.2419,100.217
3445.2061,100.23
3446.1704,100.247
3447.1345,100.265
3448.0989,100.282
3449.0630,100.295
3450.0273,100.303
3450.9915,100.304
3451.9558,100.3
3452.9199,100.292
3453.8843,100.285
3454.8484,100.285
3455.8127,100.296
3456.7769,100.317
3457.7412,100.343
3458.7053,100.365
3459.6697,100.379
3460.6338,100.382
3461.5981,100.38
3462.5623,100.376
3463.5266,100.377
3464.4907,100.384
3465.4551,100.394
3466.4192,100.403
3467.3835,100.41
3468.3477,100.412
3469.3120,100.412
3470.2761,100.412
3471.2405,100.419
3472.2046,100.433
3473.1689,100.454
3474.1331,100.479
3475.0974,100.502
3476.0615,100.517
3477.0259,100.526
3477.9900,100.531
3478.9543,100.538
3479.9185,100.548
3480.8828,100.559
3481.8469,100.567
3482.8113,100.566
3483.7754,100.556
3484.7397,100.54
3485.7039,100.526
3486.6682,100.521
3487.6323,100.529
3488.5967,100.548
3489.5608,100.572
3490.5251,100.596
3491.4893,100.617
3492.4536,100.633
3493.4177,100.644
3494.3821,100.648
3495.3462,100.642
3496.3105,100.628
3497.2747,100.608
3498.2390,100.589
3499.2031,100.578
3500.1675,100.58
3501.1316,100.596
3502.0959,100.621
3503.0601,100.646
3504.0244,100.664
3504.9885,100.676
3505.9529,100.686
3506.9170,100.698
3507.8813,100.715
3508.8455,100.735
3509.8098,100.75
3510.7739,100.757
3511.7383,100.754
3512.7024,100.743
3513.6667,100.731
3514.6309,100.721
3515.5952,100.718
3516.5593,100.722
3517.5237,100.732
3518.4878,100.746
3519.4521,100.764
3520.4163,100.786
3521.3806,100.81
3522.3447,100.833
3523.3091,100.853
3524.2732,100.865
3525.2375,100.87
3526.2017,100.869
3527.1660,100.867
3528.1301,100.865
3529.0945,100.866
3530.0586,100.868
3531.0229,100.871
3531.9871,100.876
3532.9514,100.884
3533.9155,100.895
3534.8799,100.911
3535.8440,100.931
3536.8083,100.953
3537.7725,100.972
3538.7368,100.983
3539.7009,100.98
3540.6653,100.962
3541.6294,100.933
3542.5938,100.898
3543.5579,100.868
3544.5222,100.851
3545.4863,100.854
3546.4507,100.874
3547.4148,100.903
3548.3792,100.933
3549.3433,100.959
3550.3076,100.983
3551.2717,101.006
3552.2361,101.028
3553.2002,101.048
3554.1646,101.062
3555.1287,101.067
3556.0930,101.063
3557.0571,101.055
3558.0215,101.045
3558.9856,101.036
3559.9500,101.026
3560.9141,101.013
3561.8784,100.992
3562.8425,100.965
3563.8069,100.94
3564.7710,100.932
3565.7354,100.957
3566.6995,101.015
3567.6638,101.089
3568.6279,101.149
3569.5923,101.183
3570.5564,101.191
3571.5208,101.186
3572.4849,101.177
3573.4492,101.169
3574.4133,101.165
3575.3777,101.163
3576.3418,101.164
3577.3062,101.167
3578.2703,101.174
3579.2346,101.183
3580.1987,101.188
3581.1631,101.182
3582.1272,101.162
3583.0916,101.132
3584.0557,101.101
3585.0200,101.082
3585.9841,101.087
3586.9485,101.114
3587.9126,101.144
3588.8770,101.158
3589.8411,101.148
3590.8054,101.122
3591.7695,101.09
3592.7339,101.067
3593.6980,101.06
3594.6624,101.075
3595.6265,101.106
3596.5908,101.145
3597.5549,101.185
3598.5193,101.22
3599.4834,101.246
3600.4478,101.258
3601.4119,101.252
3602.3762,101.231
3603.3403,101.199
3604.3047,101.164
3605.2688,101.134
3606.2332,101.115
3607.1973,101.113
3608.1616,101.129
3609.1257,101.161
3610.0901,101.202
3611.0542,101.247
3612.0186,101.291
3612.9827,101.326
3613.9470,101.348
3614.9111,101.355
3615.8755,101.354
3616.8396,101.354
3617.8040,101.366
3618.7681,101.394
3619.7324,101.429
3620.6965,101.453
3621.6609,101.452
3622.6250,101.424
3623.5894,101.375
3624.5535,101.316
3625.5178,101.263
3626.4819,101.237
3627.4463,101.262
3628.4104,101.346
3629.3748,101.455
3630.3389,101.543
3631.3032,101.591
3632.2673,101.608
3633.2317,101.607
3634.1958,101.601
3635.1602,101.594
3636.1243,101.587
3637.0886,101.581
3638.0527,101.576
3639.0171,101.575
3639.9812,101.576
3640.9456,101.576
3641.9097,101.568
3642.8740,101.547
3643.8381,101.516
3644.8025,101.483
3645.7666,101.466
3646.7310,101.489
3647.6951,101.575
3648.6594,101.71
3649.6235,101.831
3650.5879,101.883
3651.5520,101.874
3652.5164,101.835
3653.4805,101.796
3654.4448,101.774
3655.4089,101.777
3656.3733,101.801
3657.3374,101.83
3658.3018,101.853
3659.2659,101.864
3660.2302,101.868
3661.1943,101.868
3662.1587,101.86
3663.1228,101.843
3664.0872,101.814
3665.0513,101.78
3666.0156,101.752
3666.9797,101.742
3667.9441,101.756
3668.9082,101.786
3669.8726,101.81
3670.8367,101.808
3671.8010,101.786
3672.7651,101.763
3673.7295,101.763
3674.6936,101.802
3675.6580,101.87
3676.6221,101.931
3677.5864,101.958
3678.5505,101.954
3679.5149,101.933
3680.4790,101.906
3681.4434,101.876
3682.4075,101.84
3683.3718,101.794
3684.3359,101.743
3685.3003,101.697
3686.2644,101.674
3687.2288,101.694
3688.1929,101.765
3689.1572,101.866
3690.1213,101.948
3691.0857,101.98
3692.0498,101.967
3693.0142,101.929
3693.9783,101.882
3694.9426,101.834
3695.9067,101.788
3696.8711,101.745
3697.8352,101.709
3698.7996,101.689
3699.7637,101.691
3700.7280,101.712
3701.6921,101.742
3702.6565,101.765
3703.6206,101.772
3704.5850,101.764
3705.5491,101.752
3706.5134,101.751
3707.4775,101.769
3708.4419,101.814
3709.4060,101.88
3710.3704,101.95
3711.3345,101.993
3712.2988,101.994
3713.2629,101.963
3714.2273,101.918
3715.1914,101.873
3716.1558,101.834
3717.1199,101.802
3718.0842,101.776
3719.0483,101.756
3720.0127,101.739
3720.9768,101.727
3721.9412,101.721
3722.9053,101.721
3723.8696,101.727
3724.8337,101.734
3725.7981,101.733
3726.7622,101.719
3727.7266,101.692
3728.6907,101.655
3729.6550,101.613
3730.6191,101.571
3731.5835,101.532
3732.5476,101.502
3733.5120,101.499
3734.4761,101.542
3735.4404,101.636
3736.4045,101.749
3737.3689,101.838
3738.3330,101.878
3739.2974,101.866
3740.2615,101.811
3741.2258,101.731
3742.1899,101.653
3743.1543,101.615
3744.1184,101.645
3745.0828,101.727
3746.0469,101.816
3747.0112,101.881
3747.9753,101.925
3748.9397,101.959
3749.9038,101.997
3750.8682,102.033
3751.8323,102.051
3752.7966,102.043
3753.7607,102.022
3754.7251,102.001
3755.6892,101.991
3756.6536,101.997
3757.6177,102.011
3758.5820,102.022
3759.5461,102.018
3760.5105,101.996
3761.4746,101.966
3762.4390,101.939
3763.4031,101.923
3764.3674,101.918
3765.3315,101.923
3766.2959,101.937
3767.2600,101.957
3768.2244,101.984
3769.1885,102.013
3770.1528,102.036
3771.1169,102.042
3772.0813,102.026
3773.0454,101.996
3774.0098,101.963
3774.9739,101.939
3775.9382,101.935
3776.9023,101.95
3777.8667,101.977
3778.8308,102.004
3779.7952,102.019
3780.7593,102.023
3781.7236,102.023
3782.6877,102.026
3783.6521,102.032
3784.6162,102.037
3785.5806,102.036
3786.5447,102.028
3787.5090,102.013
3788.4731,101.995
3789.4375,101.977
3790.4016,101.959
3791.3660,101.944
3792.3301,101.935
3793.2944,101.935
3794.2585,101.941
3795.2229,101.948
3796.1870,101.949
3797.1514,101.945
3798.1155,101.943
3799.0798,101.955
3800.0439,101.983
3801.0083,102.019
3801.9724,102.042
3802.9368,102.041
3803.9009,102.026
3804.8652,102.014
3805.8293,102.022
3806.7937,102.048
3807.7578,102.072
3808.7222,102.074
3809.6863,102.045
3810.6506,101.996
3811.6147,101.943
3812.5791,101.901
3813.5432,101.881
3814.5076,101.887
3815.4717,101.916
3816.4360,101.956
3817.4001,101.998
3818.3645,102.04
3819.3286,102.079
3820.2930,102.106
3821.2571,102.11
3822.2214,102.09
3823.1855,102.06
3824.1499,102.032
3825.1140,102.012
3826.0784,101.999
3827.0425,101.99
3828.0068,101.983
3828.9709,101.982
3829.9353,101.989
3830.8994,102.007
3831.8638,102.027
3832.8279,102.039
3833.7922,102.033
3834.7563,102.006
3835.7207,101.966
3836.6848,101.93
3837.6492,101.914
3838.6133,101.921
3839.5776,101.943
3840.5417,101.967
3841.5061,101.985
3842.4702,101.998
3843.4346,102.01
3844.3987,102.018
3845.3630,102.019
3846.3271,102.005
3847.2915,101.974
3848.2556,101.924
3849.2200,101.86
3850.1841,101.787
3851.1484,101.727
3852.1125,101.713
3853.0769,101.777
3854.0410,101.889
3855.0054,101.981
3855.9695,102.021
3856.9338,102.018
3857.8979,101.99
3858.8623,101.954
3859.8264,101.921
3860.7908,101.899
3861.7549,101.894
3862.7192,101.902
3863.6833,101.914
3864.6477,101.919
3865.6118,101.91
3866.5762,101.891
3867.5403,101.868
3868.5046,101.849
3869.4688,101.848
3870.4331,101.871
3871.3972,101.914
3872.3616,101.96
3873.3257,101.988
3874.2900,101.988
3875.2542,101.964
3876.2185,101.931
3877.1826,101.902
3878.1470,101.887
3879.1111,101.886
3880.0754,101.888
3881.0396,101.88
3882.0039,101.861
3882.9680,101.838
3883.9324,101.825
3884.8965,101.827
3885.8608,101.838
3886.8250,101.849
3887.7893,101.855
3888.7534,101.861
3889.7178,101.876
3890.6819,101.904
3891.6462,101.936
3892.6104,101.955
3893.5747,101.949
3894.5388,101.923
3895.5032,101.886
3896.4673,101.848
3897.4316,101.812
3898.3958,101.779
3899.3601,101.75
3900.3242,101.727
3901.2886,101.719
3902.2527,101.736
3903.2170,101.777
3904.1812,101.831
3905.1455,101.882
3906.1096,101.919
3907.0740,101.938
3908.0381,101.945
3909.0024,101.945
3909.9666,101.939
3910.9309,101.928
3911.8950,101.91
3912.8594,101.887
3913.8235,101.863
3914.7878,101.843
3915.7520,101.83
3916.7163,101.825
3917.6804,101.825
3918.6448,101.828
3919.6089,101.833
3920.5732,101.843
3921.5374,101.858
3922.5017,101.877
3923.4658,101.896
3924.4302,101.909
3925.3943,101.912
3926.3586,101.905
3927.3228,101.895
3928.2871,101.885
3929.2512,101.879
3930.2156,101.878
3931.1797,101.881
3932.1440,101.887
3933.1082,101.896
3934.0725,101.906
3935.0366,101.916
3936.0010,101.922
3936.9651,101.926
3937.9294,101.927
3938.8936,101.927
3939.8579,101.929
3940.8220,101.933
3941.7864,101.933
3942.7505,101.928
3943.7148,101.915
3944.6790,101.9
3945.6433,101.889
3946.6074,101.888
3947.5718,101.899
3948.5359,101.918
3949.5002,101.934
3950.4644,101.944
3951.4287,101.947
3952.3928,101.948
3953.3572,101.953
3954.3213,101.966
3955.2856,101.983
3956.2498,101.999
3957.2141,102.006
3958.1782,102.003
3959.1426,101.989
3960.1067,101.97
3961.0710,101.949
3962.0352,101.931
3962.9995,101.917
3963.9636,101.909
3964.9280,101.908
3965.8921,101.915
3966.8564,101.926
3967.8206,101.938
3968.7849,101.949
3969.7490,101.956
3970.7134,101.959
3971.6775,101.961
3972.6418,101.963
3973.6060,101.963
3974.5703,101.959
3975.5344,101.948
3976.4988,101.931
3977.4629,101.912
3978.4272,101.898
3979.3914,101.895
3980.3557,101.904
3981.3198,101.923
3982.2842,101.944
3983.2483,101.96
3984.2126,101.968
3985.1768,101.97
3986.1411,101.969
3987.1052,101.968
3988.0696,101.968
3989.0337,101.965
3989.9980,101.957
3990.9622,101.945
3991.9265,101.93
3992.8906,101.92
3993.8550,101.918
3994.8191,101.925
3995.7834,101.94
3996.7476,101.956
3997.7119,101.97
3998.6760,101.979
3999.6404,101.983
4000.6045,101.985
