TITLE SAMPLE NAME:,Polypropylene (medicine containers, plastics caps, containers, makeup packaging)
DATA TYPE:,Infrared Spectrum
MEASUREMENT INFORMATION:,Spectrophotometer
MODEL NAME:,FT/IR ATR-4X JASSCO Type A
SERIAL No:,A009662111
ACCESSORY:,ATR PRO 4x
LIGHT SOURCE:,DLATGS Standard
RESOLUTION:,4 cm-1
XUNITS/ HORIZONTAL AXIS:,Wavenumber [cm-1]
YUNITS/ VERTICAL AXIS:,Transmittance %T
FIRSTX:,399
FIRSTY:,0
LASTX:,4000
LASTY:,120
NPOINTS:,3751
399.1927,96.6669
400.1569,96.0506
401.1211,95.679
402.0854,95.5746
403.0496,95.6573
404.0138,95.8196
404.9781,95.9654
405.9423,96.0342
406.9065,96.0165
407.8708,95.9494
408.8350,95.8943
409.7992,95.908
410.7635,96.0216
411.7277,96.2316
412.6919,96.5086
413.6562,96.8183
414.6204,97.1391
415.5846,97.4626
416.5489,97.7774
417.5131,98.0469
418.4773,98.2066
419.4416,98.2103
420.4058,98.0817
421.3700,97.8873
422.3343,97.6776
423.2985,97.476
424.2627,97.2963
425.2270,97.1546
426.1912,97.0644
427.1554,97.0239
428.1197,97.0117
429.0839,96.9976
430.0481,96.962
431.0124,96.9101
431.9766,96.8708
432.9408,96.8779
433.9051,96.9452
434.8693,97.0541
435.8335,97.1643
436.7978,97.2419
437.7620,97.2847
438.7262,97.3222
439.6905,97.3926
440.6547,97.5129
441.6189,97.6617
442.5832,97.7833
443.5474,97.8186
444.5116,97.7436
445.4759,97.5879
446.4401,97.4154
447.4043,97.2896
448.3686,97.2471
449.3328,97.2895
450.2970,97.3909
451.2613,97.5147
452.2255,97.6308
453.1897,97.7259
454.1540,97.8001
455.1182,97.8537
456.0824,97.8761
457.0467,97.8447
458.0109,97.7417
458.9751,97.5769
459.9394,97.3923
460.9036,97.241
461.8678,97.1615
462.8321,97.1664
463.7963,97.2425
464.7605,97.3602
465.7248,97.4882
466.6890,97.611
467.6532,97.7364
468.6175,97.8845
469.5817,98.067
470.5459,98.2676
471.5102,98.4395
472.4744,98.5287
473.4386,98.5097
474.4029,98.4039
475.3671,98.2617
476.3313,98.1302
477.2956,98.0352
478.2598,97.9824
479.2240,97.9681
480.1883,97.9878
481.1525,98.0375
482.1167,98.1079
483.0810,98.1816
484.0452,98.2363
485.0094,98.2568
485.9737,98.2447
486.9379,98.2157
487.9021,98.1884
488.8664,98.1722
489.8306,98.1641
490.7948,98.1536
491.7591,98.1319
492.7233,98.0995
493.6875,98.0682
494.6518,98.0547
495.6160,98.0708
496.5802,98.1156
497.5445,98.1737
498.5087,98.2197
499.4729,98.2305
500.4372,98.1994
501.4014,98.1462
502.3656,98.1107
503.3299,98.1295
504.2941,98.21
505.2583,98.3227
506.2226,98.4166
507.1868,98.4474
508.1510,98.4013
509.1153,98.3019
510.0795,98.1946
511.0437,98.1206
512.0080,98.0983
512.9722,98.1214
513.9365,98.1697
514.9007,98.221
515.8649,98.2579
516.8292,98.2697
517.7934,98.253
518.7576,98.2139
519.7219,98.1683
520.6861,98.1373
521.6503,98.1384
522.6146,98.1775
523.5788,98.2443
524.5430,98.3136
525.5073,98.3537
526.4715,98.3419
527.4357,98.2773
528.4000,98.1809
529.3642,98.0835
530.3284,98.0114
531.2927,97.9781
532.2569,97.9835
533.2211,98.0162
534.1854,98.0603
535.1496,98.1022
536.1138,98.1362
537.0781,98.1645
538.0423,98.1947
539.0065,98.234
539.9708,98.2842
540.9350,98.34
541.8992,98.3897
542.8635,98.4197
543.8277,98.4195
544.7919,98.3879
545.7562,98.3356
546.7204,98.2829
547.6846,98.2518
548.6489,98.2547
549.6131,98.287
550.5773,98.3292
551.5416,98.3564
552.5058,98.3519
553.4700,98.3158
554.4343,98.2648
555.3985,98.2227
556.3627,98.2081
557.3270,98.2267
558.2912,98.27
559.2554,98.322
560.2197,98.3666
561.1839,98.3938
562.1481,98.4025
563.1124,98.4003
564.0766,98.3993
565.0408,98.4096
566.0051,98.433
566.9693,98.461
567.9335,98.4785
568.8978,98.4738
569.8620,98.446
570.8262,98.4061
571.7905,98.3682
572.7547,98.3404
573.7189,98.3206
574.6832,98.3002
575.6474,98.2733
576.6116,98.2423
577.5759,98.2168
578.5401,98.2067
579.5043,98.2147
580.4686,98.235
581.4328,98.2571
582.3970,98.2719
583.3613,98.2747
584.3255,98.2655
585.2897,98.2472
586.2540,98.2243
587.2182,98.2028
588.1824,98.1892
589.1467,98.1878
590.1109,98.1975
591.0751,98.2107
592.0394,98.217
593.0036,98.2087
593.9678,98.1853
594.9321,98.1527
595.8963,98.1184
596.8605,98.0868
597.8248,98.0588
598.7890,98.0329
599.7532,98.0084
600.7175,97.9872
601.6817,97.9725
602.6459,97.9672
603.6102,97.9709
604.5744,97.9797
605.5386,97.9874
606.5029,97.9885
607.4671,97.9817
608.4313,97.9716
609.3956,97.9659
610.3598,97.9705
611.3240,97.9837
612.2883,97.9954
613.2525,97.9919
614.2167,97.9649
615.1810,97.9187
616.1452,97.8701
617.1094,97.8404
618.0737,97.8429
619.0379,97.8754
620.0021,97.9239
620.9664,97.9724
621.9306,98.0115
622.8948,98.0395
623.8591,98.0579
624.8233,98.0663
625.7875,98.0609
626.7518,98.0385
627.7160,98.0016
628.6802,97.9602
629.6445,97.9282
630.6087,97.9162
631.5729,97.9255
632.5372,97.9481
633.5014,97.9709
634.4656,97.9834
635.4299,97.9827
636.3941,97.974
637.3583,97.9653
638.3226,97.9618
639.2868,97.963
640.2510,97.9642
641.2153,97.9613
642.1795,97.9541
643.1437,97.9467
644.1080,97.9443
645.0722,97.9488
646.0364,97.9576
647.0007,97.9655
647.9649,97.9692
648.9291,97.9701
649.8934,97.9735
650.8576,97.9844
651.8218,98.0035
652.7861,98.028
653.7503,98.0539
654.7145,98.0793
655.6788,98.1052
656.6430,98.1334
657.6072,98.1632
658.5715,98.1917
659.5357,98.2148
660.4999,98.2304
661.4642,98.2383
662.4284,98.2377
663.3926,98.2225
664.3569,98.1793
665.3211,98.0881
666.2853,97.9312
667.2496,97.7221
668.2138,97.5429
669.1780,97.5006
670.1423,97.6055
671.1065,97.778
672.0707,97.9462
673.0350,98.0756
673.9992,98.156
674.9634,98.1899
675.9277,98.19
676.8919,98.1746
677.8561,98.16
678.8204,98.154
679.7846,98.1556
680.7488,98.1599
681.7131,98.1612
682.6773,98.1557
683.6415,98.1421
684.6058,98.1213
685.5700,98.096
686.5342,98.0703
687.4985,98.0476
688.4627,98.0299
689.4269,98.017
690.3912,98.0072
691.3554,97.9987
692.3196,97.9898
693.2839,97.9787
694.2481,97.9634
695.2123,97.9414
696.1766,97.912
697.1408,97.8782
698.1050,97.8467
699.0693,97.8264
700.0335,97.825
700.9977,97.8454
701.9620,97.8847
702.9262,97.9356
703.8904,97.9893
704.8547,98.0389
705.8189,98.0807
706.7831,98.1144
707.7474,98.1408
708.7116,98.1619
709.6758,98.1799
710.6401,98.1977
711.6043,98.2179
712.5685,98.2402
713.5328,98.2593
714.4970,98.2657
715.4612,98.2498
716.4255,98.2081
717.3897,98.1475
718.3539,98.0846
719.3182,98.0398
720.2824,98.0272
721.2466,98.0477
722.2109,98.0889
723.1751,98.1339
724.1393,98.1691
725.1036,98.1888
726.0678,98.1932
727.0320,98.1856
727.9963,98.1696
728.9605,98.1492
729.9247,98.1295
730.8890,98.1164
731.8532,98.1149
732.8174,98.1272
733.7817,98.1516
734.7459,98.1839
735.7101,98.2197
736.6744,98.2557
737.6386,98.2904
738.6028,98.3222
739.5671,98.3497
740.5313,98.3709
741.4955,98.3854
742.4598,98.3941
743.4240,98.3995
744.3882,98.4041
745.3525,98.4097
746.3167,98.4171
747.2809,98.4267
748.2452,98.4383
749.2094,98.4517
750.1736,98.4653
751.1379,98.4767
752.1021,98.4831
753.0663,98.4828
754.0306,98.4767
754.9948,98.4683
755.9590,98.4619
756.9233,98.4614
757.8875,98.4678
758.8517,98.4791
759.8160,98.4909
760.7802,98.4982
761.7444,98.4978
762.7087,98.4897
763.6729,98.4771
764.6371,98.465
765.6014,98.4587
766.5656,98.4613
767.5298,98.4728
768.4941,98.4896
769.4583,98.5059
770.4225,98.5156
771.3868,98.514
772.3510,98.4996
773.3152,98.4745
774.2795,98.4436
775.2437,98.4124
776.2079,98.3849
777.1722,98.3626
778.1364,98.3442
779.1006,98.3269
780.0649,98.3078
781.0291,98.2845
781.9933,98.2547
782.9576,98.2168
783.9218,98.1695
784.8860,98.1134
785.8503,98.0513
786.8145,97.9876
787.7787,97.9264
788.7430,97.8695
789.7072,97.8153
790.6714,97.76
791.6357,97.6998
792.5999,97.6326
793.5641,97.5584
794.5284,97.4781
795.4926,97.3921
796.4568,97.2992
797.4211,97.1972
798.3853,97.0831
799.3495,96.9532
800.3138,96.8025
801.2780,96.6256
802.2422,96.4193
803.2065,96.1863
804.1707,95.9393
805.1349,95.7008
806.0992,95.5003
807.0634,95.3669
808.0276,95.3229
808.9919,95.378
809.9561,95.5279
810.9203,95.755
811.8846,96.0325
812.8488,96.3292
813.8130,96.6152
814.7773,96.8674
815.7415,97.0729
816.7057,97.2292
817.6700,97.3433
818.6342,97.4274
819.5984,97.4957
820.5627,97.5606
821.5269,97.6306
822.4911,97.7087
823.4554,97.7928
824.4196,97.8775
825.3839,97.9569
826.3481,98.0268
827.3123,98.0855
828.2766,98.1319
829.2408,98.1643
830.2050,98.1811
831.1693,98.1822
832.1335,98.1698
833.0977,98.1447
834.0620,98.1005
835.0262,98.0203
835.9904,97.8824
836.9547,97.6747
837.9189,97.412
838.8831,97.1417
839.8474,96.9334
840.8116,96.8514
841.7758,96.9265
842.7401,97.1418
843.7043,97.4404
844.6685,97.7512
845.6328,98.0164
846.5970,98.2081
847.5612,98.328
848.5255,98.3947
849.4897,98.429
850.4539,98.4459
851.4182,98.4536
852.3824,98.4568
853.3466,98.459
854.3109,98.4631
855.2751,98.4704
856.2393,98.4798
857.2036,98.4898
858.1678,98.4997
859.1320,98.5104
860.0963,98.5244
861.0605,98.5434
862.0247,98.5675
862.9890,98.5943
863.9532,98.6199
864.9174,98.6401
865.8817,98.6523
866.8459,98.6558
867.8101,98.6523
868.7744,98.6452
869.7386,98.6381
870.7028,98.6343
871.6671,98.636
872.6313,98.6442
873.5955,98.6588
874.5598,98.6783
875.5240,98.6999
876.4882,98.7201
877.4525,98.7355
878.4167,98.7444
879.3809,98.7473
880.3452,98.7468
881.3094,98.7456
882.2736,98.7453
883.2379,98.7454
884.2021,98.7439
885.1663,98.7385
886.1306,98.7282
887.0948,98.7138
888.0590,98.6978
889.0233,98.6829
889.9875,98.6697
890.9517,98.6557
891.9160,98.6353
892.8802,98.6011
893.8444,98.5466
894.8087,98.4702
895.7729,98.3775
896.7371,98.2812
897.7014,98.1991
898.6656,98.149
899.6298,98.1431
900.5941,98.1839
901.5583,98.2635
902.5225,98.3666
903.4868,98.4752
904.4510,98.5739
905.4152,98.6537
906.3795,98.7116
907.3437,98.7498
908.3079,98.7722
909.2722,98.7828
910.2364,98.7846
911.2007,98.78
912.1649,98.7717
913.1292,98.7629
914.0934,98.7567
915.0576,98.7555
916.0219,98.7598
916.9861,98.7681
917.9503,98.778
918.9146,98.7869
919.8788,98.7936
920.8430,98.7985
921.8073,98.8028
922.7715,98.8072
923.7357,98.8112
924.7000,98.8132
925.6642,98.811
926.6284,98.8032
927.5927,98.7896
928.5569,98.7717
929.5211,98.752
930.4854,98.7337
931.4496,98.7195
932.4138,98.7108
933.3781,98.7068
934.3423,98.7046
935.3065,98.7005
936.2708,98.6919
937.2350,98.6792
938.1992,98.6651
939.1635,98.6537
940.1277,98.6475
941.0919,98.6462
942.0562,98.647
943.0204,98.6467
943.9846,98.6444
944.9489,98.6415
945.9131,98.6411
946.8773,98.6456
947.8416,98.6549
948.8058,98.6665
949.7700,98.6774
950.7343,98.6852
951.6985,98.6895
952.6627,98.6912
953.6270,98.691
954.5912,98.6882
955.5554,98.6804
956.5197,98.6646
957.4839,98.6386
958.4481,98.6022
959.4124,98.5566
960.3766,98.5043
961.3408,98.4475
962.3051,98.3877
963.2693,98.3244
964.2335,98.2528
965.1978,98.1618
966.1620,98.0338
967.1262,97.8494
968.0905,97.5976
969.0547,97.287
970.0189,96.9521
970.9832,96.6489
971.9474,96.4384
972.9116,96.3662
973.8759,96.4457
974.8401,96.6554
975.8043,96.9491
976.7686,97.2747
977.7328,97.5895
978.6970,97.8682
979.6613,98.1003
980.6255,98.2842
981.5897,98.4207
982.5540,98.5117
983.5182,98.5608
984.4824,98.5737
985.4467,98.5586
986.4109,98.5239
987.3751,98.4764
988.3394,98.4189
989.3036,98.3485
990.2678,98.2559
991.2321,98.1263
992.1963,97.9455
993.1605,97.709
994.1248,97.4306
995.0890,97.1456
996.0532,96.9042
997.0175,96.7566
997.9817,96.7354
998.9459,96.8434
999.9102,97.0534
1000.8744,97.3182
1001.8386,97.5876
1002.8029,97.8226
1003.7671,98.0025
1004.7313,98.1242
1005.6956,98.1964
1006.6598,98.2323
1007.6240,98.2457
1008.5883,98.2477
1009.5525,98.2467
1010.5167,98.247
1011.4810,98.2498
1012.4452,98.2536
1013.4094,98.2559
1014.3737,98.255
1015.3379,98.2507
1016.3021,98.2445
1017.2664,98.2381
1018.2306,98.2329
1019.1948,98.2289
1020.1591,98.2249
1021.1233,98.219
1022.0875,98.2087
1023.0518,98.192
1024.0160,98.1683
1024.9802,98.1388
1025.9445,98.1067
1026.9087,98.0752
1027.8729,98.0463
1028.8372,98.0197
1029.8014,97.9931
1030.7656,97.9638
1031.7299,97.9305
1032.6941,97.8938
1033.6583,97.8553
1034.6226,97.8163
1035.5868,97.7766
1036.5510,97.7342
1037.5153,97.6869
1038.4795,97.6331
1039.4437,97.5731
1040.4080,97.509
1041.3722,97.4446
1042.3364,97.3839
1043.3007,97.3308
1044.2649,97.2879
1045.2291,97.2553
1046.1934,97.2303
1047.1576,97.2081
1048.1218,97.1828
1049.0861,97.1494
1050.0503,97.1057
1051.0145,97.0517
1051.9788,96.9901
1052.9430,96.9242
1053.9072,96.8572
1054.8715,96.7909
1055.8357,96.7261
1056.7999,96.6619
1057.7642,96.5972
1058.7284,96.5309
1059.6926,96.4627
1060.6569,96.393
1061.6211,96.323
1062.5853,96.2536
1063.5496,96.185
1064.5138,96.1172
1065.4780,96.0497
1066.4423,95.9828
1067.4065,95.9176
1068.3707,95.8557
1069.3350,95.7983
1070.2992,95.7458
1071.2634,95.6977
1072.2277,95.6526
1073.1919,95.6095
1074.1561,95.5681
1075.1204,95.5293
1076.0846,95.4948
1077.0488,95.4664
1078.0131,95.4447
1078.9773,95.4283
1079.9415,95.4143
1080.9058,95.3994
1081.8700,95.3807
1082.8342,95.358
1083.7985,95.3327
1084.7627,95.3082
1085.7269,95.2874
1086.6912,95.272
1087.6554,95.2618
1088.6196,95.2551
1089.5839,95.2501
1090.5481,95.2453
1091.5123,95.2403
1092.4766,95.2355
1093.4408,95.2312
1094.4050,95.2274
1095.3693,95.2234
1096.3335,95.2181
1097.2977,95.2113
1098.2620,95.2036
1099.2262,95.1978
1100.1904,95.1977
1101.1547,95.2078
1102.1189,95.2321
1103.0831,95.2728
1104.0474,95.3301
1105.0116,95.4019
1105.9758,95.4846
1106.9401,95.5731
1107.9043,95.662
1108.8685,95.7461
1109.8328,95.8214
1110.7970,95.8866
1111.7612,95.9428
1112.7255,95.9927
1113.6897,96.0394
1114.6539,96.0851
1115.6182,96.1305
1116.5824,96.1757
1117.5466,96.2209
1118.5109,96.2668
1119.4751,96.314
1120.4393,96.3624
1121.4036,96.4106
1122.3678,96.4567
1123.3320,96.4987
1124.2963,96.5359
1125.2605,96.5684
1126.2247,96.5971
1127.1890,96.6221
1128.1532,96.6438
1129.1174,96.6626
1130.0817,96.6797
1131.0459,96.697
1132.0101,96.7158
1132.9744,96.7359
1133.9386,96.7553
1134.9028,96.771
1135.8671,96.7808
1136.8313,96.7843
1137.7955,96.7829
1138.7598,96.7786
1139.7240,96.7723
1140.6882,96.7632
1141.6525,96.7492
1142.6167,96.7287
1143.5809,96.7016
1144.5452,96.6701
1145.5094,96.6369
1146.4736,96.6043
1147.4379,96.573
1148.4021,96.5423
1149.3663,96.5111
1150.3306,96.4792
1151.2948,96.4481
1152.2590,96.4196
1153.2233,96.3957
1154.1875,96.3767
1155.1517,96.3615
1156.1160,96.3472
1157.0802,96.3305
1158.0444,96.3076
1159.0087,96.2752
1159.9729,96.2303
1160.9371,96.1707
1161.9014,96.0962
1162.8656,96.0099
1163.8298,95.9202
1164.7941,95.8418
1165.7583,95.7941
1166.7225,95.7978
1167.6868,95.8687
1168.6510,96.012
1169.6152,96.2196
1170.5795,96.471
1171.5437,96.738
1172.5079,96.9918
1173.4722,97.2106
1174.4364,97.384
1175.4006,97.5133
1176.3649,97.6085
1177.3291,97.6827
1178.2933,97.7468
1179.2576,97.8063
1180.2218,97.862
1181.1860,97.912
1182.1503,97.9551
1183.1145,97.9922
1184.0787,98.026
1185.0430,98.0595
1186.0072,98.0943
1186.9714,98.1303
1187.9357,98.1661
1188.8999,98.1996
1189.8641,98.2293
1190.8284,98.2542
1191.7926,98.2738
1192.7568,98.2888
1193.7211,98.301
1194.6853,98.313
1195.6495,98.3274
1196.6138,98.346
1197.5780,98.3693
1198.5422,98.3957
1199.5065,98.4236
1200.4707,98.4511
1201.4349,98.4775
1202.3992,98.5024
1203.3634,98.5254
1204.3276,98.5458
1205.2919,98.5628
1206.2561,98.5763
1207.2203,98.587
1208.1846,98.5965
1209.1488,98.606
1210.1130,98.6156
1211.0773,98.6244
1212.0415,98.6313
1213.0057,98.6363
1213.9700,98.6407
1214.9342,98.6471
1215.8984,98.6573
1216.8627,98.6719
1217.8269,98.6898
1218.7911,98.7093
1219.7554,98.7298
1220.7196,98.7521
1221.6838,98.7773
1222.6481,98.8055
1223.6123,98.835
1224.5765,98.8623
1225.5408,98.8846
1226.5050,98.9016
1227.4692,98.9156
1228.4335,98.9304
1229.3977,98.9491
1230.3619,98.9723
1231.3262,98.9978
1232.2904,99.0223
1233.2546,99.0426
1234.2189,99.0569
1235.1831,99.0653
1236.1473,99.0692
1237.1116,99.0704
1238.0758,99.0709
1239.0400,99.0724
1240.0043,99.0757
1240.9685,99.0801
1241.9327,99.0836
1242.8970,99.0836
1243.8612,99.0774
1244.8254,99.0639
1245.7897,99.0433
1246.7539,99.0169
1247.7181,98.9847
1248.6824,98.9447
1249.6466,98.8923
1250.6108,98.8215
1251.5751,98.7272
1252.5393,98.6082
1253.5035,98.4674
1254.4678,98.3125
1255.4320,98.1543
1256.3962,98.006
1257.3605,97.8831
1258.3247,97.8027
1259.2889,97.7813
1260.2532,97.8298
1261.2174,97.9484
1262.1816,98.1238
1263.1459,98.3318
1264.1101,98.5436
1265.0743,98.7345
1266.0386,98.8896
1267.0028,99.0052
1267.9670,99.0859
1268.9313,99.1393
1269.8955,99.1717
1270.8597,99.1868
1271.8240,99.1871
1272.7882,99.1765
1273.7524,99.1612
1274.7167,99.1491
1275.6809,99.1466
1276.6451,99.1565
1277.6094,99.1768
1278.5736,99.2018
1279.5378,99.2243
1280.5021,99.2381
1281.4663,99.2401
1282.4305,99.2309
1283.3948,99.2141
1284.3590,99.1942
1285.3232,99.1749
1286.2875,99.1577
1287.2517,99.1414
1288.2159,99.1234
1289.1802,99.1013
1290.1444,99.0751
1291.1086,99.0475
1292.0729,99.0221
1293.0371,99.0023
1294.0013,98.989
1294.9656,98.981
1295.9298,98.9752
1296.8940,98.9681
1297.8583,98.9554
1298.8225,98.933
1299.7867,98.898
1300.7510,98.8509
1301.7152,98.7978
1302.6794,98.7501
1303.6437,98.7223
1304.6079,98.7259
1305.5721,98.7654
1306.5364,98.8363
1307.5006,98.9275
1308.4648,99.0266
1309.4291,99.1225
1310.3933,99.2073
1311.3575,99.2751
1312.3218,99.3221
1313.2860,99.3471
1314.2502,99.353
1315.2145,99.3455
1316.1787,99.3295
1317.1429,99.3064
1318.1072,99.2737
1319.0714,99.2281
1320.0356,99.1702
1320.9999,99.1067
1321.9641,99.0475
1322.9283,99.0006
1323.8926,98.9684
1324.8568,98.9471
1325.8210,98.9294
1326.7853,98.9091
1327.7495,98.8837
1328.7137,98.8547
1329.6780,98.8257
1330.6422,98.801
1331.6064,98.7853
1332.5707,98.785
1333.5349,98.8091
1334.4991,98.8668
1335.4634,98.9627
1336.4276,99.0894
1337.3918,99.2222
1338.3561,99.3222
1339.3203,99.3528
1340.2845,99.3015
1341.2488,99.1875
1342.2130,99.0465
1343.1772,98.9093
1344.1415,98.7906
1345.1057,98.6888
1346.0699,98.5931
1347.0342,98.4908
1347.9984,98.3735
1348.9626,98.2408
1349.9269,98.0995
1350.8911,97.9583
1351.8553,97.8222
1352.8196,97.6883
1353.7838,97.547
1354.7480,97.3906
1355.7123,97.2253
1356.6765,97.0763
1357.6407,96.981
1358.6050,96.9716
1359.5692,97.0579
1360.5334,97.2132
1361.4977,97.3756
1362.4619,97.4728
1363.4261,97.4633
1364.3904,97.3521
1365.3546,97.1665
1366.3188,96.9212
1367.2831,96.6046
1368.2473,96.1885
1369.2115,95.644
1370.1758,94.9524
1371.1400,94.1092
1372.1042,93.1378
1373.0685,92.1185
1374.0327,91.21
1374.9969,90.6156
1375.9612,90.4905
1376.9254,90.8703
1377.8896,91.6762
1378.8539,92.7636
1379.8181,93.9646
1380.7823,95.1211
1381.7466,96.1223
1382.7108,96.9289
1383.6750,97.5594
1384.6393,98.0487
1385.6035,98.4115
1386.5677,98.637
1387.5320,98.7199
1388.4962,98.695
1389.4604,98.6317
1390.4247,98.5978
1391.3889,98.6347
1392.3531,98.7533
1393.3174,98.9392
1394.2816,99.1556
1395.2458,99.3525
1396.2101,99.483
1397.1743,99.5209
1398.1385,99.4693
1399.1028,99.3562
1400.0670,99.222
1401.0313,99.1027
1401.9955,99.0165
1402.9597,98.9594
1403.9240,98.9103
1404.8882,98.8459
1405.8524,98.7586
1406.8167,98.6639
1407.7809,98.5888
1408.7451,98.5518
1409.7094,98.554
1410.6736,98.5822
1411.6378,98.623
1412.6021,98.6758
1413.5663,98.7551
1414.5305,98.8791
1415.4948,99.0525
1416.4590,99.2513
1417.4232,99.4181
1418.3875,99.4859
1419.3517,99.4323
1420.3159,99.3005
1421.2802,99.1527
1422.2444,99.02
1423.2086,98.9014
1424.1729,98.7891
1425.1371,98.6889
1426.1013,98.6197
1427.0656,98.5945
1428.0298,98.5997
1428.9940,98.5911
1429.9583,98.5179
1430.9225,98.3598
1431.8867,98.1426
1432.8510,97.9176
1433.8152,97.7295
1434.7794,97.5971
1435.7437,97.506
1436.7079,97.4161
1437.6721,97.2902
1438.6364,97.1184
1439.6006,96.9127
1440.5648,96.6863
1441.5291,96.4463
1442.4933,96.1956
1443.4575,95.9354
1444.4218,95.6644
1445.3860,95.3766
1446.3502,95.0631
1447.3145,94.7213
1448.2787,94.3637
1449.2429,94.0182
1450.2072,93.7169
1451.1714,93.4864
1452.1356,93.3521
1453.0999,93.3512
1454.0641,93.5413
1455.0283,93.9789
1455.9926,94.6252
1456.9568,95.2268
1457.9210,95.4533
1458.8853,95.264
1459.8495,94.8898
1460.8137,94.5557
1461.7780,94.3892
1462.7422,94.4485
1463.7064,94.7337
1464.6707,95.1693
1465.6349,95.6284
1466.5991,96.025
1467.5634,96.3727
1468.5276,96.7504
1469.4918,97.2413
1470.4561,97.8872
1471.4203,98.6407
1472.3845,99.3315
1473.3488,99.7463
1474.3130,99.8125
1475.2772,99.6472
1476.2415,99.4156
1477.2057,99.2199
1478.1699,99.0926
1479.1342,99.0267
1480.0984,99.0026
1481.0626,99.005
1482.0269,99.0333
1482.9911,99.1037
1483.9553,99.2433
1484.9196,99.4782
1485.8838,99.8183
1486.8480,100.235
1487.8123,100.634
1488.7765,100.87
1489.7407,100.847
1490.7050,100.619
1491.6692,100.338
1492.6334,100.129
1493.5977,100.053
1494.5619,100.115
1495.5261,100.28
1496.4904,100.469
1497.4546,100.578
1498.4188,100.557
1499.3831,100.444
1500.3473,100.331
1501.3115,100.299
1502.2758,100.402
1503.2400,100.684
1504.2042,101.179
1505.1685,101.871
1506.1327,102.563
1507.0969,102.853
1508.0612,102.543
1509.0254,101.91
1509.9896,101.3
1510.9539,100.863
1511.9181,100.627
1512.8823,100.579
1513.8466,100.691
1514.8108,100.916
1515.7750,101.19
1516.7393,101.455
1517.7035,101.686
1518.6677,101.887
1519.6320,102.062
1520.5962,102.192
1521.5604,102.234
1522.5247,102.161
1523.4889,101.984
1524.4531,101.732
1525.4174,101.435
1526.3816,101.121
1527.3458,100.828
1528.3101,100.597
1529.2743,100.467
1530.2385,100.456
1531.2028,100.554
1532.1670,100.718
1533.1312,100.878
1534.0955,100.99
1535.0597,101.078
1536.0239,101.224
1536.9882,101.528
1537.9524,102.071
1538.9166,102.85
1539.8809,103.637
1540.8451,103.971
1541.8093,103.618
1542.7736,102.86
1543.7378,102.068
1544.7020,101.415
1545.6663,100.935
1546.6305,100.619
1547.5947,100.444
1548.5590,100.384
1549.5232,100.408
1550.4874,100.489
1551.4517,100.607
1552.4159,100.769
1553.3801,101.001
1554.3444,101.342
1555.3086,101.827
1556.2728,102.448
1557.2371,103.06
1558.2013,103.309
1559.1655,102.936
1560.1298,102.202
1561.0940,101.523
1562.0582,101.055
1563.0225,100.779
1563.9867,100.642
1564.9509,100.612
1565.9152,100.665
1566.8794,100.772
1567.8436,100.879
1568.8079,100.917
1569.7721,100.856
1570.7363,100.734
1571.7006,100.632
1572.6648,100.621
1573.6290,100.725
1574.5933,100.907
1575.5575,101.057
1576.5217,101.044
1577.4860,100.831
1578.4502,100.515
1579.4144,100.214
1580.3787,99.9877
1581.3429,99.8418
1582.3071,99.7546
1583.2714,99.7004
1584.2356,99.6623
1585.1998,99.636
1586.1641,99.6242
1587.1283,99.6287
1588.0925,99.6473
1589.0568,99.6763
1590.0210,99.7139
1590.9852,99.7606
1591.9495,99.8139
1592.9137,99.8639
1593.8779,99.8943
1594.8422,99.8917
1595.8064,99.8555
1596.7706,99.8019
1597.7349,99.7553
1598.6991,99.7353
1599.6633,99.7464
1600.6276,99.7771
1601.5918,99.8073
1602.5560,99.8225
1603.5203,99.8238
1604.4845,99.8274
1605.4487,99.851
1606.4130,99.8992
1607.3772,99.9551
1608.3414,99.9883
1609.3057,99.9781
1610.2699,99.9361
1611.2341,99.905
1612.1984,99.9365
1613.1626,100.066
1614.1268,100.292
1615.0911,100.556
1616.0553,100.748
1617.0195,100.779
1617.9838,100.67
1618.9480,100.528
1619.9122,100.443
1620.8765,100.444
1621.8407,100.508
1622.8049,100.575
1623.7692,100.59
1624.7334,100.536
1625.6976,100.439
1626.6619,100.327
1627.6261,100.213
1628.5903,100.099
1629.5546,99.9976
1630.5188,99.9459
1631.4830,99.9939
1632.4473,100.19
1633.4115,100.554
1634.3757,101.027
1635.3400,101.415
1636.3042,101.496
1637.2684,101.244
1638.2327,100.832
1639.1969,100.432
1640.1611,100.133
1641.1254,99.9711
1642.0896,99.9652
1643.0538,100.137
1644.0181,100.499
1644.9823,101.01
1645.9465,101.526
1646.9108,101.848
1647.8750,101.904
1648.8392,101.809
1649.8035,101.73
1650.7677,101.78
1651.7319,101.968
1652.6962,102.125
1653.6604,101.976
1654.6246,101.489
1655.5889,100.913
1656.5531,100.442
1657.5173,100.14
1658.4816,100.008
1659.4458,100.023
1660.4100,100.14
1661.3743,100.274
1662.3385,100.336
1663.3027,100.302
1664.2670,100.228
1665.2312,100.206
1666.1954,100.305
1667.1597,100.544
1668.1239,100.877
1669.0881,101.183
1670.0524,101.336
1671.0166,101.301
1671.9808,101.152
1672.9451,100.986
1673.9093,100.856
1674.8735,100.765
1675.8378,100.696
1676.8020,100.641
1677.7662,100.622
1678.7305,100.673
1679.6947,100.826
1680.6589,101.104
1681.6232,101.494
1682.5874,101.91
1683.5516,102.176
1684.5159,102.154
1685.4801,101.897
1686.4443,101.568
1687.4086,101.274
1688.3728,101.038
1689.3370,100.852
1690.3013,100.708
1691.2655,100.62
1692.2297,100.619
1693.1940,100.744
1694.1582,101.024
1695.1224,101.455
1696.0867,101.97
1697.0509,102.443
1698.0151,102.736
1698.9794,102.772
1699.9436,102.591
1700.9078,102.318
1701.8721,102.072
1702.8363,101.9
1703.8005,101.782
1704.7648,101.666
1705.7290,101.504
1706.6932,101.28
1707.6575,101.029
1708.6217,100.81
1709.5859,100.677
1710.5502,100.662
1711.5144,100.776
1712.4786,101.019
1713.4429,101.379
1714.4071,101.816
1715.3713,102.23
1716.3356,102.459
1717.2998,102.373
1718.2640,102.013
1719.2283,101.553
1720.1925,101.141
1721.1567,100.832
1722.1210,100.62
1723.0852,100.477
1724.0494,100.383
1725.0137,100.333
1725.9779,100.337
1726.9421,100.409
1727.9064,100.556
1728.8706,100.778
1729.8348,101.061
1730.7991,101.38
1731.7633,101.688
1732.7275,101.905
1733.6918,101.965
1734.6560,101.871
1735.6202,101.706
1736.5845,101.555
1737.5487,101.458
1738.5129,101.413
1739.4772,101.394
1740.4414,101.372
1741.4056,101.334
1742.3699,101.295
1743.3341,101.288
1744.2983,101.342
1745.2626,101.467
1746.2268,101.649
1747.1910,101.844
1748.1553,101.978
1749.1195,101.98
1750.0837,101.827
1751.0480,101.569
1752.0122,101.299
1752.9764,101.084
1753.9407,100.949
1754.9049,100.886
1755.8691,100.871
1756.8334,100.88
1757.7976,100.901
1758.7618,100.929
1759.7261,100.96
1760.6903,100.982
1761.6545,100.978
1762.6188,100.94
1763.5830,100.878
1764.5472,100.824
1765.5115,100.814
1766.4757,100.88
1767.4399,101.041
1768.4042,101.295
1769.3684,101.609
1770.3326,101.911
1771.2969,102.097
1772.2611,102.088
1773.2253,101.886
1774.1896,101.584
1775.1538,101.293
1776.1180,101.084
1777.0823,100.979
1778.0465,100.962
1779.0107,100.99
1779.9750,101.015
1780.9392,101.005
1781.9034,100.951
1782.8677,100.871
1783.8319,100.785
1784.7961,100.714
1785.7604,100.672
1786.7246,100.677
1787.6888,100.743
1788.6531,100.882
1789.6173,101.09
1790.5815,101.329
1791.5458,101.527
1792.5100,101.61
1793.4742,101.564
1794.4385,101.441
1795.4027,101.318
1796.3669,101.241
1797.3312,101.221
1798.2954,101.236
1799.2596,101.248
1800.2239,101.217
1801.1881,101.128
1802.1523,100.997
1803.1166,100.859
1804.0808,100.75
1805.0450,100.693
1806.0093,100.697
1806.9735,100.757
1807.9377,100.852
1808.9020,100.95
1809.8662,101.015
1810.8304,101.02
1811.7947,100.965
1812.7589,100.873
1813.7231,100.775
1814.6874,100.694
1815.6516,100.638
1816.6158,100.599
1817.5801,100.57
1818.5443,100.552
1819.5085,100.555
1820.4728,100.591
1821.4370,100.664
1822.4012,100.767
1823.3655,100.883
1824.3297,101
1825.2939,101.116
1826.2582,101.24
1827.2224,101.37
1828.1866,101.478
1829.1509,101.514
1830.1151,101.439
1831.0793,101.264
1832.0436,101.048
1833.0078,100.861
1833.9720,100.745
1834.9363,100.704
1835.9005,100.714
1836.8647,100.737
1837.8290,100.754
1838.7932,100.769
1839.7574,100.809
1840.7217,100.897
1841.6859,101.04
1842.6501,101.213
1843.6144,101.358
1844.5786,101.414
1845.5428,101.363
1846.5071,101.231
1847.4713,101.069
1848.4355,100.912
1849.3998,100.781
1850.3640,100.682
1851.3282,100.616
1852.2925,100.58
1853.2567,100.568
1854.2209,100.573
1855.1852,100.588
1856.1494,100.609
1857.1136,100.635
1858.0779,100.662
1859.0421,100.687
1860.0063,100.705
1860.9706,100.716
1861.9348,100.728
1862.8990,100.763
1863.8633,100.843
1864.8275,100.983
1865.7917,101.17
1866.7560,101.362
1867.7202,101.487
1868.6844,101.487
1869.6487,101.362
1870.6129,101.17
1871.5771,100.979
1872.5414,100.835
1873.5056,100.747
1874.4698,100.703
1875.4341,100.681
1876.3983,100.663
1877.3625,100.644
1878.3268,100.626
1879.2910,100.615
1880.2552,100.615
1881.2195,100.622
1882.1837,100.634
1883.1479,100.648
1884.1122,100.668
1885.0764,100.705
1886.0406,100.763
1887.0049,100.838
1887.9691,100.914
1888.9333,100.967
1889.8976,100.983
1890.8618,100.966
1891.8260,100.932
1892.7903,100.901
1893.7545,100.879
1894.7188,100.857
1895.6830,100.821
1896.6472,100.764
1897.6115,100.698
1898.5757,100.645
1899.5399,100.625
1900.5042,100.645
1901.4684,100.694
1902.4326,100.752
1903.3969,100.799
1904.3611,100.83
1905.3253,100.853
1906.2896,100.88
1907.2538,100.918
1908.2180,100.957
1909.1823,100.976
1910.1465,100.959
1911.1107,100.906
1912.0750,100.839
1913.0392,100.79
1914.0034,100.782
1914.9677,100.821
1915.9319,100.893
1916.8961,100.971
1917.8604,101.036
1918.8246,101.081
1919.7888,101.116
1920.7531,101.144
1921.7173,101.156
1922.6815,101.133
1923.6458,101.061
1924.6100,100.946
1925.5742,100.816
1926.5385,100.705
1927.5027,100.634
1928.4669,100.607
1929.4312,100.617
1930.3954,100.651
1931.3596,100.7
1932.3239,100.758
1933.2881,100.814
1934.2523,100.854
1935.2166,100.865
1936.1808,100.853
1937.1450,100.839
1938.1093,100.851
1939.0735,100.907
1940.0377,100.999
1941.0020,101.097
1941.9662,101.16
1942.9304,101.169
1943.8947,101.133
1944.8589,101.084
1945.8231,101.053
1946.7874,101.047
1947.7516,101.055
1948.7158,101.055
1949.6801,101.032
1950.6443,100.981
1951.6085,100.911
1952.5728,100.833
1953.5370,100.758
1954.5012,100.693
1955.4655,100.645
1956.4297,100.621
1957.3939,100.623
1958.3582,100.644
1959.3224,100.67
1960.2866,100.686
1961.2509,100.69
1962.2151,100.691
1963.1793,100.71
1964.1436,100.764
1965.1078,100.848
1966.0720,100.932
1967.0363,100.972
1968.0005,100.936
1968.9647,100.825
1969.9290,100.673
1970.8932,100.53
1971.8574,100.437
1972.8217,100.407
1973.7859,100.432
1974.7501,100.489
1975.7144,100.562
1976.6786,100.639
1977.6428,100.716
1978.6071,100.784
1979.5713,100.839
1980.5355,100.877
1981.4998,100.902
1982.4640,100.919
1983.4282,100.925
1984.3925,100.908
1985.3567,100.857
1986.3209,100.773
1987.2852,100.679
1988.2494,100.612
1989.2136,100.609
1990.1779,100.685
1991.1421,100.823
1992.1063,100.983
1993.0706,101.117
1994.0348,101.191
1994.9990,101.198
1995.9633,101.152
1996.9275,101.075
1997.8917,100.989
1998.8560,100.911
1999.8202,100.842
2000.7844,100.776
2001.7487,100.701
2002.7129,100.616
2003.6771,100.531
2004.6414,100.468
2005.6056,100.447
2006.5698,100.47
2007.5341,100.518
2008.4983,100.565
2009.4625,100.596
2010.4268,100.618
2011.3910,100.655
2012.3552,100.722
2013.3195,100.815
2014.2837,100.905
2015.2479,100.953
2016.2122,100.93
2017.1764,100.831
2018.1406,100.677
2019.1049,100.506
2020.0691,100.354
2021.0333,100.25
2021.9976,100.212
2022.9618,100.246
2023.9260,100.343
2024.8903,100.478
2025.8545,100.617
2026.8187,100.726
2027.7830,100.787
2028.7472,100.804
2029.7114,100.797
2030.6757,100.794
2031.6399,100.805
2032.6041,100.823
2033.5684,100.819
2034.5326,100.769
2035.4968,100.669
2036.4611,100.545
2037.4253,100.442
2038.3895,100.405
2039.3538,100.454
2040.3180,100.58
2041.2822,100.743
2042.2465,100.891
2043.2107,100.982
2044.1749,100.998
2045.1392,100.95
2046.1034,100.864
2047.0676,100.777
2048.0320,100.718
2048.9961,100.698
2049.9604,100.706
2050.9246,100.726
2051.8889,100.741
2052.8530,100.747
2053.8174,100.752
2054.7815,100.766
2055.7458,100.796
2056.7100,100.835
2057.6743,100.866
2058.6384,100.877
2059.6028,100.864
2060.5669,100.84
2061.5313,100.822
2062.4954,100.82
2063.4597,100.832
2064.4238,100.843
2065.3882,100.839
2066.3523,100.815
2067.3167,100.783
2068.2808,100.757
2069.2451,100.753
2070.2092,100.773
2071.1736,100.81
2072.1377,100.851
2073.1021,100.883
2074.0662,100.902
2075.0305,100.907
2075.9946,100.906
2076.9590,100.901
2077.9231,100.894
2078.8875,100.881
2079.8516,100.859
2080.8159,100.83
2081.7800,100.802
2082.7444,100.788
2083.7085,100.798
2084.6729,100.828
2085.6370,100.865
2086.6013,100.891
2087.5654,100.895
2088.5298,100.877
2089.4939,100.855
2090.4583,100.847
2091.4224,100.862
2092.3867,100.897
2093.3508,100.934
2094.3152,100.955
2095.2793,100.953
2096.2437,100.933
2097.2078,100.907
2098.1721,100.887
2099.1362,100.876
2100.1006,100.869
2101.0647,100.861
2102.0291,100.852
2102.9932,100.846
2103.9575,100.851
2104.9216,100.874
2105.8860,100.911
2106.8501,100.955
2107.8145,100.991
2108.7786,101.004
2109.7429,100.989
2110.7070,100.95
2111.6714,100.901
2112.6355,100.859
2113.5999,100.841
2114.5640,100.85
2115.5283,100.881
2116.4924,100.924
2117.4568,100.963
2118.4209,100.992
2119.3853,101.006
2120.3494,101.009
2121.3137,101.006
2122.2778,100.999
2123.2422,100.991
2124.2063,100.982
2125.1707,100.97
2126.1348,100.954
2127.0991,100.935
2128.0632,100.914
2129.0276,100.896
2129.9917,100.885
2130.9561,100.885
2131.9202,100.896
2132.8845,100.917
2133.8486,100.94
2134.8130,100.954
2135.7771,100.948
2136.7415,100.919
2137.7056,100.872
2138.6699,100.818
2139.6340,100.774
2140.5984,100.745
2141.5625,100.732
2142.5269,100.728
2143.4910,100.728
2144.4553,100.73
2145.4194,100.74
2146.3838,100.755
2147.3479,100.766
2148.3123,100.752
2149.2764,100.7
2150.2407,100.611
2151.2048,100.509
2152.1692,100.425
2153.1333,100.387
2154.0977,100.402
2155.0618,100.455
2156.0261,100.518
2156.9902,100.56
2157.9546,100.56
2158.9187,100.52
2159.8831,100.462
2160.8472,100.418
2161.8115,100.41
2162.7756,100.447
2163.7400,100.522
2164.7041,100.621
2165.6685,100.724
2166.6326,100.813
2167.5969,100.877
2168.5610,100.907
2169.5254,100.897
2170.4895,100.846
2171.4539,100.76
2172.4180,100.653
2173.3823,100.543
2174.3464,100.454
2175.3108,100.404
2176.2749,100.402
2177.2393,100.448
2178.2034,100.532
2179.1677,100.637
2180.1318,100.74
2181.0962,100.82
2182.0603,100.865
2183.0247,100.877
2183.9888,100.869
2184.9531,100.857
2185.9172,100.849
2186.8816,100.843
2187.8457,100.832
2188.8101,100.811
2189.7742,100.778
2190.7385,100.738
2191.7026,100.698
2192.6670,100.666
2193.6311,100.65
2194.5955,100.66
2195.5596,100.698
2196.5239,100.758
2197.4880,100.821
2198.4524,100.86
2199.4165,100.859
2200.3809,100.815
2201.3450,100.749
2202.3093,100.688
2203.2734,100.658
2204.2378,100.666
2205.2019,100.7
2206.1663,100.741
2207.1304,100.77
2208.0947,100.779
2209.0588,100.771
2210.0232,100.755
2210.9873,100.745
2211.9517,100.747
2212.9158,100.762
2213.8801,100.784
2214.8442,100.801
2215.8086,100.8
2216.7727,100.775
2217.7371,100.731
2218.7012,100.683
2219.6655,100.651
2220.6296,100.647
2221.5940,100.674
2222.5581,100.718
2223.5225,100.76
2224.4866,100.784
2225.4509,100.787
2226.4150,100.778
2227.3794,100.772
2228.3435,100.779
2229.3079,100.801
2230.2720,100.829
2231.2363,100.852
2232.2004,100.862
2233.1648,100.858
2234.1289,100.848
2235.0933,100.844
2236.0574,100.854
2237.0217,100.879
2237.9858,100.913
2238.9502,100.943
2239.9143,100.96
2240.8787,100.957
2241.8428,100.938
2242.8071,100.911
2243.7712,100.885
2244.7356,100.867
2245.6997,100.855
2246.6641,100.848
2247.6282,100.841
2248.5925,100.837
2249.5566,100.835
2250.5210,100.837
2251.4851,100.838
2252.4495,100.832
2253.4136,100.818
2254.3779,100.799
2255.3420,100.786
2256.3064,100.788
2257.2705,100.811
2258.2349,100.848
2259.1990,100.889
2260.1633,100.921
2261.1274,100.937
2262.0918,100.937
2263.0559,100.927
2264.0203,100.914
2264.9844,100.901
2265.9487,100.891
2266.9128,100.885
2267.8772,100.884
2268.8413,100.892
2269.8057,100.909
2270.7698,100.931
2271.7341,100.953
2272.6982,100.965
2273.6626,100.963
2274.6267,100.95
2275.5911,100.935
2276.5552,100.927
2277.5195,100.93
2278.4836,100.94
2279.4480,100.947
2280.4121,100.942
2281.3765,100.921
2282.3406,100.887
2283.3049,100.848
2284.2690,100.812
2285.2334,100.78
2286.1975,100.752
2287.1619,100.725
2288.1260,100.693
2289.0903,100.656
2290.0544,100.612
2291.0188,100.559
2291.9829,100.497
2292.9473,100.43
2293.9114,100.36
2294.8757,100.29
2295.8398,100.222
2296.8042,100.154
2297.7683,100.085
2298.7327,100.016
2299.6968,99.9475
2300.6611,99.8805
2301.6252,99.8135
2302.5896,99.7423
2303.5537,99.6607
2304.5181,99.5648
2305.4822,99.4551
2306.4465,99.3386
2307.4106,99.2279
2308.3750,99.1377
2309.3391,99.0811
2310.3035,99.0646
2311.2676,99.0847
2312.2319,99.1272
2313.1960,99.1716
2314.1604,99.1983
2315.1245,99.1961
2316.0889,99.1653
2317.0530,99.1164
2318.0173,99.0654
2318.9814,99.029
2319.9458,99.0194
2320.9099,99.0415
2321.8743,99.0923
2322.8384,99.1622
2323.8027,99.239
2324.7668,99.3123
2325.7312,99.376
2326.6953,99.4291
2327.6597,99.4761
2328.6238,99.5261
2329.5881,99.5902
2330.5522,99.6762
2331.5166,99.7845
2332.4807,99.9072
2333.4451,100.032
2334.4092,100.147
2335.3735,100.243
2336.3376,100.309
2337.3020,100.337
2338.2661,100.321
2339.2305,100.264
2340.1946,100.181
2341.1589,100.094
2342.1230,100.024
2343.0874,99.9784
2344.0515,99.9467
2345.0159,99.906
2345.9800,99.8413
2346.9443,99.7542
2347.9084,99.6578
2348.8728,99.5687
2349.8369,99.5027
2350.8013,99.4727
2351.7654,99.4863
2352.7297,99.54
2353.6938,99.6162
2354.6582,99.6883
2355.6223,99.7349
2356.5867,99.7496
2357.5508,99.7391
2358.5151,99.716
2359.4792,99.6922
2360.4436,99.6755
2361.4077,99.6682
2362.3721,99.6678
2363.3362,99.6695
2364.3005,99.6686
2365.2646,99.6633
2366.2290,99.6546
2367.1931,99.6442
2368.1575,99.6332
2369.1216,99.621
2370.0859,99.607
2371.0500,99.593
2372.0144,99.5829
2372.9785,99.5816
2373.9429,99.5926
2374.9070,99.6167
2375.8713,99.6529
2376.8354,99.7006
2377.7998,99.7607
2378.7639,99.8366
2379.7283,99.932
2380.6924,100.048
2381.6567,100.184
2382.6208,100.335
2383.5852,100.493
2384.5493,100.652
2385.5137,100.802
2386.4778,100.937
2387.4421,101.049
2388.4063,101.134
2389.3706,101.19
2390.3347,101.22
2391.2991,101.232
2392.2632,101.235
2393.2275,101.237
2394.1917,101.241
2395.1560,101.246
2396.1201,101.25
2397.0845,101.251
2398.0486,101.25
2399.0129,101.25
2399.9771,101.253
2400.9414,101.261
2401.9055,101.269
2402.8699,101.276
2403.8340,101.277
2404.7983,101.275
2405.7625,101.27
2406.7268,101.267
2407.6909,101.266
2408.6553,101.27
2409.6194,101.275
2410.5837,101.281
2411.5479,101.288
2412.5122,101.296
2413.4763,101.304
2414.4407,101.312
2415.4048,101.317
2416.3691,101.318
2417.3333,101.315
2418.2976,101.311
2419.2617,101.309
2420.2261,101.311
2421.1902,101.315
2422.1545,101.319
2423.1187,101.319
2424.0830,101.315
2425.0471,101.306
2426.0115,101.298
2426.9756,101.293
2427.9399,101.294
2428.9041,101.299
2429.8684,101.306
2430.8325,101.311
2431.7969,101.314
2432.7610,101.313
2433.7253,101.311
2434.6895,101.309
2435.6538,101.308
2436.6179,101.307
2437.5823,101.307
2438.5464,101.309
2439.5107,101.313
2440.4749,101.319
2441.4392,101.324
2442.4033,101.327
2443.3677,101.324
2444.3318,101.319
2445.2961,101.314
2446.2603,101.315
2447.2246,101.323
2448.1887,101.337
2449.1531,101.351
2450.1172,101.362
2451.0815,101.367
2452.0457,101.366
2453.0100,101.364
2453.9741,101.365
2454.9385,101.37
2455.9026,101.376
2456.8669,101.38
2457.8311,101.379
2458.7954,101.374
2459.7595,101.367
2460.7239,101.363
2461.6880,101.364
2462.6523,101.37
2463.6165,101.379
2464.5808,101.388
2465.5449,101.394
2466.5093,101.398
2467.4734,101.399
2468.4377,101.4
2469.4019,101.399
2470.3662,101.399
2471.3303,101.398
2472.2947,101.397
2473.2588,101.396
2474.2231,101.397
2475.1873,101.4
2476.1516,101.405
2477.1157,101.413
2478.0801,101.421
2479.0442,101.428
2480.0085,101.433
2480.9727,101.435
2481.9370,101.436
2482.9011,101.437
2483.8655,101.439
2484.8296,101.443
2485.7939,101.447
2486.7581,101.449
2487.7224,101.448
2488.6865,101.443
2489.6509,101.436
2490.6150,101.431
2491.5793,101.431
2492.5435,101.439
2493.5078,101.452
2494.4719,101.467
2495.4363,101.481
2496.4004,101.489
2497.3647,101.491
2498.3289,101.488
2499.2932,101.482
2500.2573,101.475
2501.2217,101.469
2502.1858,101.465
2503.1501,101.464
2504.1143,101.463
2505.0786,101.463
2506.0427,101.463
2507.0071,101.464
2507.9712,101.467
2508.9355,101.473
2509.8997,101.482
2510.8640,101.494
2511.8281,101.51
2512.7925,101.526
2513.7566,101.539
2514.7209,101.546
2515.6851,101.545
2516.6494,101.534
2517.6135,101.518
2518.5779,101.502
2519.5420,101.49
2520.5063,101.486
2521.4705,101.493
2522.4348,101.508
2523.3989,101.529
2524.3633,101.554
2525.3274,101.578
2526.2917,101.596
2527.2559,101.603
2528.2202,101.597
2529.1843,101.58
2530.1487,101.555
2531.1128,101.53
2532.0771,101.509
2533.0413,101.499
2534.0056,101.5
2534.9697,101.51
2535.9341,101.527
2536.8982,101.546
2537.8625,101.562
2538.8267,101.572
2539.7910,101.577
2540.7551,101.577
2541.7195,101.574
2542.6836,101.572
2543.6479,101.57
2544.6121,101.566
2545.5764,101.559
2546.5405,101.549
2547.5049,101.538
2548.4690,101.53
2549.4333,101.527
2550.3975,101.53
2551.3618,101.537
2552.3259,101.544
2553.2903,101.551
2554.2544,101.557
2555.2188,101.562
2556.1829,101.567
2557.1472,101.573
2558.1113,101.58
2559.0757,101.587
2560.0398,101.591
2561.0042,101.592
2561.9683,101.59
2562.9326,101.584
2563.8967,101.578
2564.8611,101.57
2565.8252,101.561
2566.7896,101.551
2567.7537,101.538
2568.7180,101.525
2569.6821,101.516
2570.6465,101.513
2571.6106,101.517
2572.5750,101.526
2573.5391,101.535
2574.5034,101.541
2575.4675,101.542
2576.4319,101.539
2577.3960,101.534
2578.3604,101.528
2579.3245,101.519
2580.2888,101.505
2581.2529,101.487
2582.2173,101.468
2583.1814,101.455
2584.1458,101.457
2585.1099,101.475
2586.0742,101.506
2587.0383,101.54
2588.0027,101.568
2588.9668,101.581
2589.9312,101.582
2590.8953,101.573
2591.8596,101.562
2592.8237,101.554
2593.7881,101.549
2594.7522,101.547
2595.7166,101.548
2596.6807,101.552
2597.6450,101.56
2598.6091,101.571
2599.5735,101.584
2600.5376,101.596
2601.5020,101.605
2602.4661,101.608
2603.4304,101.609
2604.3945,101.608
2605.3589,101.606
2606.3230,101.603
2607.2874,101.599
2608.2515,101.594
2609.2158,101.587
2610.1799,101.579
2611.1443,101.572
2612.1084,101.566
2613.0728,101.562
2614.0369,101.561
2615.0012,101.563
2615.9653,101.568
2616.9297,101.575
2617.8938,101.583
2618.8582,101.591
2619.8223,101.598
2620.7866,101.603
2621.7507,101.609
2622.7151,101.613
2623.6792,101.616
2624.6436,101.618
2625.6077,101.617
2626.5720,101.615
2627.5361,101.613
2628.5005,101.613
2629.4646,101.614
2630.4290,101.616
2631.3931,101.62
2632.3574,101.624
2633.3215,101.628
2634.2859,101.632
2635.2500,101.635
2636.2144,101.637
2637.1785,101.637
2638.1428,101.635
2639.1069,101.631
2640.0713,101.624
2641.0354,101.618
2641.9998,101.611
2642.9639,101.606
2643.9282,101.603
2644.8923,101.603
2645.8567,101.605
2646.8208,101.61
2647.7852,101.616
2648.7493,101.624
2649.7136,101.634
2650.6777,101.643
2651.6421,101.65
2652.6062,101.652
2653.5706,101.648
2654.5347,101.637
2655.4990,101.623
2656.4631,101.609
2657.4275,101.599
2658.3916,101.595
2659.3560,101.595
2660.3201,101.598
2661.2844,101.601
2662.2485,101.602
2663.2129,101.603
2664.1770,101.605
2665.1414,101.61
2666.1055,101.619
2667.0698,101.63
2668.0339,101.639
2668.9983,101.645
2669.9624,101.646
2670.9268,101.643
2671.8909,101.638
2672.8552,101.632
2673.8193,101.627
2674.7837,101.624
2675.7478,101.624
2676.7122,101.627
2677.6763,101.634
2678.6406,101.644
2679.6047,101.656
2680.5691,101.667
2681.5332,101.675
2682.4976,101.679
2683.4617,101.678
2684.4260,101.674
2685.3901,101.668
2686.3545,101.663
2687.3186,101.658
2688.2830,101.656
2689.2471,101.655
2690.2114,101.655
2691.1755,101.657
2692.1399,101.662
2693.1040,101.669
2694.0684,101.678
2695.0325,101.689
2695.9968,101.7
2696.9609,101.709
2697.9253,101.714
2698.8894,101.714
2699.8538,101.708
2700.8179,101.698
2701.7822,101.686
2702.7463,101.675
2703.7107,101.665
2704.6748,101.658
2705.6392,101.654
2706.6033,101.65
2707.5676,101.649
2708.5317,101.648
2709.4961,101.649
2710.4602,101.65
2711.4246,101.65
2712.3887,101.646
2713.3530,101.635
2714.3171,101.618
2715.2815,101.596
2716.2456,101.57
2717.2100,101.544
2718.1741,101.519
2719.1384,101.498
2720.1025,101.482
2721.0669,101.473
2722.0310,101.47
2722.9954,101.477
2723.9595,101.492
2724.9238,101.515
2725.8879,101.544
2726.8523,101.576
2727.8164,101.606
2728.7808,101.63
2729.7449,101.647
2730.7092,101.655
2731.6733,101.656
2732.6377,101.653
2733.6018,101.65
2734.5662,101.649
2735.5303,101.652
2736.4946,101.66
2737.4587,101.673
2738.4231,101.69
2739.3872,101.711
2740.3516,101.735
2741.3157,101.758
2742.2800,101.777
2743.2441,101.789
2744.2085,101.793
2745.1726,101.79
2746.1370,101.783
2747.1011,101.775
2748.0654,101.768
2749.0295,101.76
2749.9939,101.75
2750.9580,101.741
2751.9224,101.733
2752.8865,101.732
2753.8508,101.738
2754.8149,101.752
2755.7793,101.77
2756.7434,101.787
2757.7078,101.799
2758.6719,101.802
2759.6362,101.798
2760.6003,101.789
2761.5647,101.778
2762.5288,101.766
2763.4932,101.755
2764.4573,101.746
2765.4216,101.739
2766.3857,101.733
2767.3501,101.728
2768.3142,101.726
2769.2786,101.729
2770.2427,101.738
2771.2070,101.753
2772.1711,101.769
2773.1355,101.784
2774.0996,101.793
2775.0640,101.792
2776.0281,101.782
2776.9924,101.765
2777.9565,101.743
2778.9209,101.719
2779.8850,101.693
2780.8494,101.668
2781.8135,101.646
2782.7778,101.628
2783.7419,101.616
2784.7063,101.61
2785.6704,101.608
2786.6348,101.608
2787.5989,101.608
2788.5632,101.607
2789.5273,101.602
2790.4917,101.591
2791.4558,101.573
2792.4202,101.546
2793.3843,101.511
2794.3486,101.473
2795.3127,101.437
2796.2771,101.406
2797.2412,101.385
2798.2056,101.373
2799.1697,101.37
2800.1340,101.371
2801.0981,101.372
2802.0625,101.368
2803.0266,101.357
2803.9910,101.338
2804.9551,101.311
2805.9194,101.278
2806.8835,101.238
2807.8479,101.191
2808.8120,101.139
2809.7764,101.081
2810.7405,101.023
2811.7048,100.971
2812.6689,100.929
2813.6333,100.901
2814.5974,100.886
2815.5618,100.879
2816.5259,100.873
2817.4902,100.863
2818.4543,100.841
2819.4187,100.802
2820.3828,100.743
2821.3472,100.657
2822.3113,100.542
2823.2756,100.395
2824.2397,100.215
2825.2041,100.008
2826.1682,99.7779
2827.1326,99.531
2828.0967,99.2691
2829.0610,98.9884
2830.0251,98.6786
2830.9895,98.3271
2831.9536,97.9258
2832.9180,97.4785
2833.8821,97.0053
2834.8464,96.5418
2835.8105,96.1316
2836.7749,95.8166
2837.7390,95.6283
2838.7034,95.5819
2839.6675,95.6744
2840.6318,95.8859
2841.5959,96.1822
2842.5603,96.5206
2843.5244,96.8567
2844.4888,97.154
2845.4529,97.3921
2846.4172,97.5702
2847.3813,97.7037
2848.3457,97.815
2849.3098,97.9214
2850.2742,98.0278
2851.2383,98.1268
2852.2026,98.2053
2853.1667,98.2535
2854.1311,98.2701
2855.0952,98.2606
2856.0596,98.2307
2857.0237,98.1784
2857.9880,98.0905
2858.9521,97.9449
2859.9165,97.7199
2860.8806,97.4054
2861.8450,97.0125
2862.8091,96.5764
2863.7734,96.15
2864.7375,95.791
2865.7019,95.5469
2866.6660,95.4421
2867.6304,95.4736
2868.5945,95.6135
2869.5588,95.8188
2870.5229,96.0414
2871.4873,96.2381
2872.4514,96.3769
2873.4158,96.4411
2874.3799,96.4312
2875.3442,96.3636
2876.3083,96.2661
2877.2727,96.1704
2878.2368,96.104
2879.2012,96.0837
2880.1653,96.1132
2881.1296,96.1843
2882.0938,96.2817
2883.0581,96.3875
2884.0222,96.4857
2884.9866,96.564
2885.9507,96.614
2886.9150,96.6301
2887.8792,96.6089
2888.8435,96.5489
2889.8076,96.4521
2890.7720,96.3237
2891.7361,96.1722
2892.7004,96.0066
2893.6646,95.8334
2894.6289,95.6549
2895.5930,95.4694
2896.5574,95.2732
2897.5215,95.0627
2898.4858,94.8359
2899.4500,94.5912
2900.4143,94.3266
2901.3784,94.0401
2902.3428,93.732
2903.3069,93.4076
2904.2712,93.0783
2905.2354,92.759
2906.1997,92.4627
2907.1638,92.1938
2908.1282,91.9441
2909.0923,91.6933
2910.0566,91.415
2911.0208,91.0865
2911.9851,90.6995
2912.9492,90.2685
2913.9136,89.8332
2914.8777,89.4512
2915.8420,89.1847
2916.8062,89.0828
2917.7705,89.1671
2918.7346,89.4259
2919.6990,89.8193
2920.6631,90.2926
2921.6274,90.7934
2922.5916,91.2843
2923.5559,91.7495
2924.5200,92.1929
2925.4844,92.6301
2926.4485,93.0786
2927.4128,93.5493
2928.3770,94.0408
2929.3413,94.5398
2930.3054,95.024
2931.2698,95.469
2932.2339,95.8539
2933.1982,96.1649
2934.1624,96.3968
2935.1267,96.5507
2936.0908,96.6318
2937.0552,96.6464
2938.0193,96.5996
2938.9836,96.493
2939.9478,96.3238
2940.9121,96.0856
2941.8762,95.7707
2942.8406,95.3747
2943.8047,94.9016
2944.7690,94.3697
2945.7332,93.8139
2946.6975,93.2845
2947.6616,92.8414
2948.6260,92.5424
2949.5901,92.4308
2950.5544,92.5236
2951.5186,92.8048
2952.4829,93.2265
2953.4470,93.7163
2954.4114,94.1925
2955.3755,94.582
2956.3398,94.8373
2957.3040,94.9474
2958.2683,94.9404
2959.2324,94.8758
2960.1968,94.8283
2961.1609,94.8676
2962.1252,95.0396
2963.0894,95.3567
2964.0537,95.7991
2965.0178,96.3255
2965.9822,96.8878
2966.9463,97.4442
2967.9106,97.9655
2968.8748,98.4363
2969.8391,98.8512
2970.8032,99.2103
2971.7676,99.5163
2972.7317,99.7737
2973.6960,99.989
2974.6602,100.172
2975.6245,100.333
2976.5886,100.484
2977.5530,100.634
2978.5171,100.785
2979.4814,100.939
2980.4456,101.091
2981.4099,101.237
2982.3740,101.373
2983.3384,101.496
2984.3025,101.601
2985.2668,101.686
2986.2310,101.749
2987.1953,101.787
2988.1594,101.806
2989.1238,101.809
2990.0879,101.806
2991.0522,101.804
2992.0164,101.809
2992.9807,101.828
2993.9448,101.86
2994.9092,101.907
2995.8733,101.964
2996.8376,102.026
2997.8018,102.085
2998.7661,102.134
2999.7302,102.169
3000.6946,102.187
3001.6587,102.188
3002.6230,102.175
3003.5872,102.151
3004.5515,102.122
3005.5156,102.097
3006.4800,102.084
3007.4441,102.089
3008.4084,102.114
3009.3726,102.155
3010.3369,102.203
3011.3010,102.249
3012.2654,102.287
3013.2295,102.315
3014.1938,102.333
3015.1580,102.342
3016.1223,102.343
3017.0864,102.334
3018.0508,102.317
3019.0149,102.295
3019.9792,102.272
3020.9434,102.253
3021.9077,102.243
3022.8718,102.24
3023.8362,102.245
3024.8003,102.258
3025.7646,102.277
3026.7288,102.306
3027.6931,102.344
3028.6572,102.387
3029.6216,102.431
3030.5857,102.465
3031.5500,102.483
3032.5142,102.479
3033.4785,102.453
3034.4426,102.412
3035.4070,102.363
3036.3711,102.319
3037.3354,102.287
3038.2996,102.272
3039.2639,102.271
3040.2280,102.281
3041.1924,102.295
3042.1565,102.309
3043.1208,102.322
3044.0850,102.336
3045.0493,102.354
3046.0134,102.372
3046.9778,102.388
3047.9419,102.394
3048.9063,102.387
3049.8704,102.366
3050.8347,102.339
3051.7988,102.314
3052.7632,102.301
3053.7273,102.302
3054.6917,102.314
3055.6558,102.33
3056.6201,102.343
3057.5842,102.349
3058.5486,102.351
3059.5127,102.355
3060.4771,102.366
3061.4412,102.387
3062.4055,102.413
3063.3696,102.436
3064.3340,102.447
3065.2981,102.439
3066.2625,102.412
3067.2266,102.373
3068.1909,102.333
3069.1550,102.3
3070.1194,102.282
3071.0835,102.28
3072.0479,102.29
3073.0120,102.31
3073.9763,102.334
3074.9404,102.36
3075.9048,102.383
3076.8689,102.401
3077.8333,102.412
3078.7974,102.414
3079.7617,102.405
3080.7258,102.387
3081.6902,102.36
3082.6543,102.328
3083.6187,102.297
3084.5828,102.272
3085.5471,102.258
3086.5112,102.256
3087.4756,102.266
3088.4397,102.283
3089.4041,102.304
3090.3682,102.326
3091.3325,102.351
3092.2966,102.375
3093.2610,102.395
3094.2251,102.408
3095.1895,102.408
3096.1536,102.396
3097.1179,102.379
3098.0820,102.363
3099.0464,102.355
3100.0105,102.355
3100.9749,102.357
3101.9390,102.355
3102.9033,102.347
3103.8674,102.336
3104.8318,102.326
3105.7959,102.323
3106.7603,102.328
3107.7244,102.336
3108.6887,102.343
3109.6528,102.345
3110.6172,102.343
3111.5813,102.339
3112.5457,102.335
3113.5098,102.333
3114.4741,102.333
3115.4382,102.333
3116.4026,102.333
3117.3667,102.334
3118.3311,102.337
3119.2952,102.342
3120.2595,102.347
3121.2236,102.35
3122.1880,102.349
3123.1521,102.34
3124.1165,102.324
3125.0806,102.3
3126.0449,102.271
3127.0090,102.24
3127.9734,102.213
3128.9375,102.195
3129.9019,102.188
3130.8660,102.193
3131.8303,102.204
3132.7944,102.215
3133.7588,102.219
3134.7229,102.218
3135.6873,102.214
3136.6514,102.213
3137.6157,102.213
3138.5798,102.213
3139.5442,102.208
3140.5083,102.194
3141.4727,102.173
3142.4368,102.149
3143.4011,102.126
3144.3652,102.108
3145.3296,102.096
3146.2937,102.089
3147.2581,102.089
3148.2222,102.095
3149.1865,102.108
3150.1506,102.126
3151.1150,102.145
3152.0791,102.159
3153.0435,102.165
3154.0076,102.158
3154.9719,102.14
3155.9360,102.116
3156.9004,102.09
3157.8645,102.068
3158.8289,102.052
3159.7930,102.041
3160.7573,102.034
3161.7214,102.031
3162.6858,102.031
3163.6499,102.035
3164.6143,102.043
3165.5784,102.054
3166.5427,102.068
3167.5068,102.083
3168.4712,102.095
3169.4353,102.102
3170.3997,102.102
3171.3638,102.094
3172.3281,102.079
3173.2922,102.065
3174.2566,102.055
3175.2207,102.053
3176.1851,102.057
3177.1492,102.061
3178.1135,102.06
3179.0776,102.054
3180.0420,102.045
3181.0061,102.042
3181.9705,102.047
3182.9346,102.058
3183.8989,102.069
3184.8630,102.073
3185.8274,102.066
3186.7915,102.05
3187.7559,102.028
3188.7200,102.003
3189.6843,101.978
3190.6484,101.954
3191.6128,101.937
3192.5769,101.931
3193.5413,101.942
3194.5054,101.969
3195.4697,102.005
3196.4338,102.038
3197.3982,102.058
3198.3623,102.06
3199.3267,102.047
3200.2908,102.027
3201.2551,102.005
3202.2192,101.986
3203.1836,101.972
3204.1477,101.962
3205.1121,101.957
3206.0762,101.955
3207.0405,101.959
3208.0046,101.965
3208.9690,101.973
3209.9331,101.982
3210.8975,101.992
3211.8616,102.002
3212.8259,102.013
3213.7900,102.023
3214.7544,102.031
3215.7185,102.034
3216.6829,102.033
3217.6470,102.027
3218.6113,102.016
3219.5754,101.999
3220.5398,101.978
3221.5039,101.957
3222.4683,101.94
3223.4324,101.93
3224.3967,101.929
3225.3608,101.936
3226.3252,101.947
3227.2893,101.961
3228.2537,101.976
3229.2178,101.991
3230.1821,102.006
3231.1462,102.016
3232.1106,102.017
3233.0747,102.009
3234.0391,101.992
3235.0032,101.969
3235.9675,101.946
3236.9316,101.924
3237.8960,101.906
3238.8601,101.894
3239.8245,101.893
3240.7886,101.905
3241.7529,101.931
3242.7170,101.967
3243.6814,102.004
3244.6455,102.027
3245.6099,102.029
3246.5740,102.008
3247.5383,101.971
3248.5024,101.932
3249.4668,101.899
3250.4309,101.881
3251.3953,101.874
3252.3594,101.877
3253.3237,101.882
3254.2878,101.887
3255.2522,101.893
3256.2163,101.9
3257.1807,101.908
3258.1448,101.916
3259.1091,101.922
3260.0732,101.925
3261.0376,101.925
3262.0017,101.923
3262.9661,101.92
3263.9302,101.914
3264.8945,101.906
3265.8586,101.893
3266.8230,101.878
3267.7871,101.862
3268.7515,101.852
3269.7156,101.852
3270.6799,101.864
3271.6440,101.888
3272.6084,101.918
3273.5725,101.947
3274.5369,101.967
3275.5010,101.974
3276.4653,101.969
3277.4294,101.956
3278.3938,101.94
3279.3579,101.925
3280.3223,101.914
3281.2864,101.903
3282.2507,101.891
3283.2148,101.878
3284.1792,101.865
3285.1433,101.857
3286.1077,101.856
3287.0718,101.866
3288.0361,101.883
3289.0002,101.904
3289.9646,101.925
3290.9287,101.941
3291.8931,101.95
3292.8572,101.954
3293.8215,101.954
3294.7856,101.95
3295.7500,101.943
3296.7141,101.931
3297.6785,101.913
3298.6426,101.89
3299.6069,101.865
3300.5710,101.843
3301.5354,101.829
3302.4995,101.828
3303.4639,101.84
3304.4280,101.864
3305.3923,101.895
3306.3564,101.928
3307.3208,101.954
3308.2849,101.967
3309.2493,101.965
3310.2134,101.948
3311.1777,101.922
3312.1418,101.893
3313.1062,101.866
3314.0703,101.844
3315.0347,101.829
3315.9988,101.818
3316.9631,101.813
3317.9272,101.813
3318.8916,101.819
3319.8557,101.83
3320.8201,101.846
3321.7842,101.864
3322.7485,101.88
3323.7126,101.891
3324.6770,101.893
3325.6411,101.885
3326.6055,101.868
3327.5696,101.847
3328.5339,101.824
3329.4980,101.806
3330.4624,101.797
3331.4265,101.798
3332.3909,101.811
3333.3550,101.833
3334.3193,101.856
3335.2834,101.873
3336.2478,101.879
3337.2119,101.872
3338.1763,101.859
3339.1404,101.846
3340.1047,101.837
3341.0688,101.831
3342.0332,101.825
3342.9973,101.814
3343.9617,101.799
3344.9258,101.783
3345.8901,101.771
3346.8542,101.764
3347.8186,101.764
3348.7827,101.77
3349.7471,101.781
3350.7112,101.798
3351.6755,101.819
3352.6396,101.842
3353.6040,101.862
3354.5681,101.873
3355.5325,101.872
3356.4966,101.861
3357.4609,101.845
3358.4250,101.83
3359.3894,101.822
3360.3535,101.823
3361.3179,101.833
3362.2820,101.851
3363.2463,101.873
3364.2104,101.895
3365.1748,101.91
3366.1389,101.914
3367.1033,101.906
3368.0674,101.889
3369.0317,101.87
3369.9958,101.855
3370.9602,101.848
3371.9243,101.85
3372.8887,101.857
3373.8528,101.864
3374.8171,101.866
3375.7813,101.86
3376.7456,101.848
3377.7097,101.832
3378.6741,101.819
3379.6382,101.817
3380.6025,101.831
3381.5667,101.862
3382.5310,101.901
3383.4951,101.934
3384.4595,101.95
3385.4236,101.944
3386.3879,101.923
3387.3521,101.898
3388.3164,101.884
3389.2805,101.887
3390.2449,101.905
3391.2090,101.928
3392.1733,101.949
3393.1375,101.96
3394.1018,101.962
3395.0659,101.958
3396.0303,101.953
3396.9944,101.947
3397.9587,101.944
3398.9229,101.942
3399.8872,101.943
3400.8513,101.945
3401.8157,101.944
3402.7798,101.94
3403.7441,101.932
3404.7083,101.922
3405.6726,101.914
3406.6367,101.907
3407.6011,101.901
3408.5652,101.898
3409.5295,101.9
3410.4937,101.91
3411.4580,101.928
3412.4221,101.951
3413.3865,101.971
3414.3506,101.982
3415.3149,101.988
3416.2791,101.996
3417.2434,102.017
3418.2075,102.054
3419.1719,102.098
3420.1360,102.131
3421.1003,102.135
3422.0645,102.107
3423.0288,102.057
3423.9929,102.004
3424.9573,101.967
3425.9214,101.955
3426.8857,101.967
3427.8499,101.992
3428.8142,102.021
3429.7783,102.044
3430.7427,102.061
3431.7068,102.073
3432.6711,102.083
3433.6353,102.091
3434.5996,102.096
3435.5637,102.098
3436.5281,102.097
3437.4922,102.094
3438.4565,102.093
3439.4207,102.093
3440.3850,102.099
3441.3491,102.114
3442.3135,102.146
3443.2776,102.201
3444.2419,102.273
3445.2061,102.347
3446.1704,102.397
3447.1345,102.403
3448.0989,102.359
3449.0630,102.282
3450.0273,102.199
3450.9915,102.135
3451.9558,102.1
3452.9199,102.091
3453.8843,102.097
3454.8484,102.11
3455.8127,102.128
3456.7769,102.155
3457.7412,102.194
3458.7053,102.242
3459.6697,102.288
3460.6338,102.321
3461.5981,102.334
3462.5623,102.328
3463.5266,102.313
3464.4907,102.297
3465.4551,102.284
3466.4192,102.271
3467.3835,102.254
3468.3477,102.231
3469.3120,102.21
3470.2761,102.201
3471.2405,102.21
3472.2046,102.237
3473.1689,102.268
3474.1331,102.288
3475.0974,102.292
3476.0615,102.289
3477.0259,102.302
3477.9900,102.347
3478.9543,102.426
3479.9185,102.515
3480.8828,102.58
3481.8469,102.596
3482.8113,102.562
3483.7754,102.499
3484.7397,102.44
3485.7039,102.407
3486.6682,102.4
3487.6323,102.406
3488.5967,102.407
3489.5608,102.397
3490.5251,102.384
3491.4893,102.383
3492.4536,102.405
3493.4177,102.444
3494.3821,102.482
3495.3462,102.497
3496.3105,102.483
3497.2747,102.459
3498.2390,102.457
3499.2031,102.506
3500.1675,102.61
3501.1316,102.741
3502.0959,102.845
3503.0601,102.877
3504.0244,102.832
3504.9885,102.749
3505.9529,102.682
3506.9170,102.667
3507.8813,102.701
3508.8455,102.752
3509.8098,102.777
3510.7739,102.752
3511.7383,102.686
3512.7024,102.609
3513.6667,102.549
3514.6309,102.517
3515.5952,102.508
3516.5593,102.513
3517.5237,102.53
3518.4878,102.567
3519.4521,102.636
3520.4163,102.739
3521.3806,102.865
3522.3447,102.991
3523.3091,103.095
3524.2732,103.169
3525.2375,103.213
3526.2017,103.232
3527.1660,103.22
3528.1301,103.165
3529.0945,103.063
3530.0586,102.93
3531.0229,102.799
3531.9871,102.709
3532.9514,102.679
3533.9155,102.709
3534.8799,102.769
3535.8440,102.821
3536.8083,102.832
3537.7725,102.801
3538.7368,102.753
3539.7009,102.728
3540.6653,102.761
3541.6294,102.867
3542.5938,103.032
3543.5579,103.212
3544.5222,103.342
3545.4863,103.375
3546.4507,103.311
3547.4148,103.201
3548.3792,103.115
3549.3433,103.094
3550.3076,103.14
3551.2717,103.213
3552.2361,103.258
3553.2002,103.238
3554.1646,103.158
3555.1287,103.062
3556.0930,102.998
3557.0571,102.989
3558.0215,103.025
3558.9856,103.079
3559.9500,103.127
3560.9141,103.176
3561.8784,103.262
3562.8425,103.433
3563.8069,103.713
3564.7710,104.069
3565.7354,104.387
3566.6995,104.506
3567.6638,104.348
3568.6279,103.993
3569.5923,103.607
3570.5564,103.313
3571.5208,103.158
3572.4849,103.13
3573.4492,103.185
3574.4133,103.267
3575.3777,103.331
3576.3418,103.358
3577.3062,103.35
3578.2703,103.314
3579.2346,103.257
3580.1987,103.192
3581.1631,103.145
3582.1272,103.159
3583.0916,103.28
3584.0557,103.532
3585.0200,103.889
3585.9841,104.245
3586.9485,104.44
3587.9126,104.375
3588.8770,104.113
3589.8411,103.821
3590.8054,103.63
3591.7695,103.588
3592.7339,103.672
3593.6980,103.816
3594.6624,103.946
3595.6265,104.029
3596.5908,104.081
3597.5549,104.134
3598.5193,104.187
3599.4834,104.202
3600.4478,104.135
3601.4119,103.986
3602.3762,103.817
3603.3403,103.71
3604.3047,103.723
3605.2688,103.861
3606.2332,104.074
3607.1973,104.284
3608.1616,104.427
3609.1257,104.499
3610.0901,104.543
3611.0542,104.602
3612.0186,104.68
3612.9827,104.755
3613.9470,104.811
3614.9111,104.866
3615.8755,104.954
3616.8396,105.092
3617.8040,105.237
3618.7681,105.286
3619.7324,105.137
3620.6965,104.794
3621.6609,104.374
3622.6250,104.021
3623.5894,103.839
3624.5535,103.883
3625.5178,104.173
3626.4819,104.673
3627.4463,105.239
3628.4104,105.61
3629.3748,105.595
3630.3389,105.273
3631.3032,104.868
3632.2673,104.535
3633.2317,104.316
3634.1958,104.193
3635.1602,104.127
3636.1243,104.09
3637.0886,104.066
3638.0527,104.054
3639.0171,104.048
3639.9812,104.038
3640.9456,104.02
3641.9097,104.009
3642.8740,104.052
3643.8381,104.217
3644.8025,104.579
3645.7666,105.201
3646.7310,106.063
3647.6951,106.944
3648.6594,107.388
3649.6235,107.096
3650.5879,106.321
3651.5520,105.526
3652.5164,104.967
3653.4805,104.69
3654.4448,104.633
3655.4089,104.684
3656.3733,104.717
3657.3374,104.657
3658.3018,104.516
3659.2659,104.356
3660.2302,104.224
3661.1943,104.122
3662.1587,104.033
3663.1228,103.956
3664.0872,103.931
3665.0513,104.017
3666.0156,104.267
3666.9797,104.681
3667.9441,105.173
3668.9082,105.569
3669.8726,105.737
3670.8367,105.722
3671.8010,105.715
3672.7651,105.877
3673.7295,106.24
3674.6936,106.655
3675.6580,106.838
3676.6221,106.614
3677.5864,106.096
3678.5505,105.517
3679.5149,105.025
3680.4790,104.655
3681.4434,104.39
3682.4075,104.213
3683.3718,104.132
3684.3359,104.18
3685.3003,104.404
3686.2644,104.837
3687.2288,105.449
3688.1929,106.077
3689.1572,106.446
3690.1213,106.373
3691.0857,105.947
3692.0498,105.398
3693.0142,104.9
3693.9783,104.52
3694.9426,104.267
3695.9067,104.13
3696.8711,104.102
3697.8352,104.18
3698.7996,104.354
3699.7637,104.579
3700.7280,104.773
3701.6921,104.839
3702.6565,104.741
3703.6206,104.538
3704.5850,104.347
3705.5491,104.281
3706.5134,104.42
3707.4775,104.799
3708.4419,105.393
3709.4060,106.061
3710.3704,106.531
3711.3345,106.549
3712.2988,106.12
3713.2629,105.497
3714.2273,104.937
3715.1914,104.565
3716.1558,104.406
3717.1199,104.431
3718.0842,104.588
3719.0483,104.811
3720.0127,105.04
3720.9768,105.235
3721.9412,105.379
3722.9053,105.459
3723.8696,105.453
3724.8337,105.341
3725.7981,105.135
3726.7622,104.896
3727.7266,104.713
3728.6907,104.664
3729.6550,104.801
3730.6191,105.151
3731.5835,105.698
3732.5476,106.37
3733.5120,106.995
3734.4761,107.338
3735.4404,107.243
3736.4045,106.794
3737.3689,106.231
3738.3330,105.753
3739.2974,105.452
3740.2615,105.354
3741.2258,105.457
3742.1899,105.732
3743.1543,106.084
3744.1184,106.365
3745.0828,106.487
3746.0469,106.536
3747.0112,106.67
3747.9753,106.981
3748.9397,107.424
3749.9038,107.775
3750.8682,107.713
3751.8323,107.161
3752.7966,106.412
3753.7607,105.801
3754.7251,105.474
3755.6892,105.42
3756.6536,105.543
3757.6177,105.691
3758.5820,105.708
3759.5461,105.532
3760.5105,105.232
3761.4746,104.934
3762.4390,104.732
3763.4031,104.655
3764.3674,104.691
3765.3315,104.805
3766.2959,104.964
3767.2600,105.13
3768.2244,105.26
3769.1885,105.292
3770.1528,105.176
3771.1169,104.913
3772.0813,104.58
3773.0454,104.288
3774.0098,104.13
3774.9739,104.152
3775.9382,104.344
3776.9023,104.632
3777.8667,104.893
3778.8308,105.014
3779.7952,104.971
3780.7593,104.842
3781.7236,104.728
3782.6877,104.68
3783.6521,104.687
3784.6162,104.696
3785.5806,104.658
3786.5447,104.557
3787.5090,104.414
3788.4731,104.27
3789.4375,104.162
3790.4016,104.121
3791.3660,104.165
3792.3301,104.296
3793.2944,104.5
3794.2585,104.738
3795.2229,104.97
3796.1870,105.178
3797.1514,105.387
3798.1155,105.638
3799.0798,105.935
3800.0439,106.208
3801.0083,106.33
3801.9724,106.242
3802.9368,106.024
3803.9009,105.823
3804.8652,105.729
3805.8293,105.712
3806.7937,105.651
3807.7578,105.431
3808.7222,105.064
3809.6863,104.687
3810.6506,104.444
3811.6147,104.41
3812.5791,104.586
3813.5432,104.911
3814.5076,105.275
3815.4717,105.576
3816.4360,105.806
3817.4001,106.037
3818.3645,106.33
3819.3286,106.638
3820.2930,106.813
3821.2571,106.716
3822.2214,106.372
3823.1855,105.947
3824.1499,105.598
3825.1140,105.38
3826.0784,105.272
3827.0425,105.223
3828.0068,105.195
3828.9709,105.179
3829.9353,105.185
3830.8994,105.224
3831.8638,105.296
3832.8279,105.399
3833.7922,105.545
3834.7563,105.756
3835.7207,106.046
3836.6848,106.386
3837.6492,106.685
3838.6133,106.833
3839.5776,106.78
3840.5417,106.562
3841.5061,106.255
3842.4702,105.908
3843.4346,105.541
3844.3987,105.17
3845.3630,104.833
3846.3271,104.592
3847.2915,104.506
3848.2556,104.623
3849.2200,104.978
3850.1841,105.594
3851.1484,106.44
3852.1125,107.304
3853.0769,107.741
3854.0410,107.448
3855.0054,106.688
3855.9695,105.9
3856.9338,105.304
3857.8979,104.95
3858.8623,104.836
3859.8264,104.945
3860.7908,105.233
3861.7549,105.588
3862.7192,105.852
3863.6833,105.905
3864.6477,105.766
3865.6118,105.568
3866.5762,105.45
3867.5403,105.483
3868.5046,105.66
3869.4688,105.901
3870.4331,106.082
3871.3972,106.098
3872.3616,105.913
3873.3257,105.584
3874.2900,105.216
3875.2542,104.917
3876.2185,104.759
3877.1826,104.77
3878.1470,104.925
3879.1111,105.149
3880.0754,105.346
3881.0396,105.452
3882.0039,105.466
3882.9680,105.419
3883.9324,105.326
3884.8965,105.179
3885.8608,104.992
3886.8250,104.83
3887.7893,104.78
3888.7534,104.891
3889.7178,105.13
3890.6819,105.367
3891.6462,105.431
3892.6104,105.249
3893.5747,104.92
3894.5388,104.627
3895.5032,104.495
3896.4673,104.561
3897.4316,104.79
3898.3958,105.1
3899.3601,105.405
3900.3242,105.653
3901.2886,105.832
3902.2527,105.934
3903.2170,105.915
3904.1812,105.732
3905.1455,105.406
3906.1096,105.021
3907.0740,104.672
3908.0381,104.415
3909.0024,104.26
3909.9666,104.188
3910.9309,104.174
3911.8950,104.205
3912.8594,104.283
3913.8235,104.416
3914.7878,104.591
3915.7520,104.762
3916.7163,104.863
3917.6804,104.85
3918.6448,104.746
3919.6089,104.626
3920.5732,104.567
3921.5374,104.596
3922.5017,104.683
3923.4658,104.762
3924.4302,104.773
3925.3943,104.713
3926.3586,104.637
3927.3228,104.612
3928.2871,104.676
3929.2512,104.808
3930.2156,104.942
3931.1797,104.996
3932.1440,104.924
3933.1082,104.747
3934.0725,104.53
3935.0366,104.34
3936.0010,104.216
3936.9651,104.175
3937.9294,104.217
3938.8936,104.331
3939.8579,104.487
3940.8220,104.635
3941.7864,104.723
3942.7505,104.723
3943.7148,104.653
3944.6790,104.57
3945.6433,104.527
3946.6074,104.547
3947.5718,104.607
3948.5359,104.66
3949.5002,104.662
3950.4644,104.603
3951.4287,104.511
3952.3928,104.424
3953.3572,104.367
3954.3213,104.344
3955.2856,104.345
3956.2498,104.358
3957.2141,104.376
3958.1782,104.398
3959.1426,104.421
3960.1067,104.435
3961.0710,104.428
3962.0352,104.394
3962.9995,104.339
3963.9636,104.283
3964.9280,104.245
3965.8921,104.236
3966.8564,104.255
3967.8206,104.291
3968.7849,104.333
3969.7490,104.375
3970.7134,104.415
3971.6775,104.452
3972.6418,104.479
3973.6060,104.489
3974.5703,104.471
3975.5344,104.425
3976.4988,104.364
3977.4629,104.306
3978.4272,104.271
3979.3914,104.265
3980.3557,104.281
3981.3198,104.305
3982.2842,104.319
3983.2483,104.317
3984.2126,104.303
3985.1768,104.289
3986.1411,104.289
3987.1052,104.307
3988.0696,104.337
3989.0337,104.369
3989.9980,104.391
3990.9622,104.396
3991.9265,104.385
3992.8906,104.363
3993.8550,104.334
3994.8191,104.302
3995.7834,104.271
3996.7476,104.247
3997.7119,104.238
3998.6760,104.247
3999.6404,104.271
4000.6045,104.3
