TITLE SAMPLE NAME:,Polyethylene Terephthalate (bottles, containers)
DATA TYPE:,Infrared Spectrum
MEASUREMENT INFORMATION:,Spectrophotometer
MODEL NAME:,FT/IR ATR-4X JASSCO Type A
SERIAL No:,A009662111
ACCESSORY:,ATR PRO 4x
LIGHT SOURCE:,DLATGS Standard
RESOLUTION:,4 cm-1
XUNITS/ HORIZONTAL AXIS:,Wavenumber [cm-1]
YUNITS/ VERTICAL AXIS:,Transmittance %T
FIRSTX:,399
FIRSTY:,0
LASTX:,4000
LASTY:,120
NPOINTS:,3751
399.1927,84.6201
400.1569,85.2389
401.1211,85.9652
402.0854,86.6267
403.0496,87.1164
404.0138,87.3991
404.9781,87.5022
405.9423,87.4966
406.9065,87.4601
407.8708,87.4401
408.8350,87.4424
409.7992,87.4536
410.7635,87.4718
411.7277,87.5176
412.6919,87.6165
413.6562,87.7717
414.6204,87.9546
415.5846,88.1105
416.5489,88.1712
417.5131,88.0781
418.4773,87.8365
419.4416,87.5509
420.4058,87.3484
421.3700,87.2731
422.3343,87.2926
423.2985,87.3569
424.2627,87.4255
425.2270,87.4671
426.1912,87.4576
427.1554,87.3826
428.1197,87.2428
429.0839,87.058
430.0481,86.8644
431.0124,86.7065
431.9766,86.6221
432.9408,86.6293
433.9051,86.7204
434.8693,86.8676
435.8335,87.0348
436.7978,87.1924
437.7620,87.3274
438.7262,87.4462
439.6905,87.5693
440.6547,87.7229
441.6189,87.9284
442.5832,88.1913
443.5474,88.4941
444.5116,88.8018
445.4759,89.079
446.4401,89.306
447.4043,89.4836
448.3686,89.6257
449.3328,89.7492
450.2970,89.8663
451.2613,89.9813
452.2255,90.0937
453.1897,90.2023
454.1540,90.3074
455.1182,90.4086
456.0824,90.5005
457.0467,90.5719
458.0109,90.612
458.9751,90.6211
459.9394,90.6124
460.9036,90.6021
461.8678,90.5976
462.8321,90.5955
463.7963,90.5871
464.7605,90.5666
465.7248,90.5366
466.6890,90.5062
467.6532,90.4842
468.6175,90.4711
469.5817,90.4594
470.5459,90.4399
471.5102,90.4097
472.4744,90.3774
473.4386,90.3582
474.4029,90.3623
475.3671,90.3886
476.3313,90.4259
477.2956,90.4599
478.2598,90.4792
479.2240,90.4791
480.1883,90.4622
481.1525,90.4353
482.1167,90.4037
483.0810,90.3673
484.0452,90.3199
485.0094,90.2534
485.9737,90.1644
486.9379,90.0574
487.9021,89.9422
488.8664,89.8279
489.8306,89.718
490.7948,89.6084
491.7591,89.4898
492.7233,89.3535
493.6875,89.1976
494.6518,89.0286
495.6160,88.8575
496.5802,88.695
497.5445,88.5481
498.5087,88.4214
499.4729,88.3196
500.4372,88.2503
501.4014,88.2221
502.3656,88.2421
503.3299,88.3141
504.2941,88.4403
505.2583,88.6247
506.2226,88.8724
507.1868,89.1829
508.1510,89.5423
509.1153,89.9198
510.0795,90.2759
511.0437,90.5756
512.0080,90.8006
512.9722,90.9517
513.9365,91.0432
514.9007,91.0941
515.8649,91.1212
516.8292,91.1364
517.7934,91.1484
518.7576,91.1643
519.7219,91.1889
520.6861,91.2219
521.6503,91.257
522.6146,91.284
523.5788,91.2952
524.5430,91.2918
525.5073,91.2877
526.4715,91.3049
527.4357,91.3623
528.4000,91.4644
529.3642,91.6016
530.3284,91.7561
531.2927,91.9107
532.2569,92.0525
533.2211,92.1749
534.1854,92.2779
535.1496,92.3664
536.1138,92.4489
537.0781,92.5337
538.0423,92.6245
539.0065,92.717
539.9708,92.7993
540.9350,92.8578
541.8992,92.8853
542.8635,92.8866
543.8277,92.8783
544.7919,92.8815
545.7562,92.912
546.7204,92.9725
547.6846,93.0519
548.6489,93.1314
549.6131,93.1939
550.5773,93.2313
551.5416,93.2463
552.5058,93.2508
553.4700,93.2607
554.4343,93.2886
555.3985,93.3382
556.3627,93.4009
557.3270,93.4593
558.2912,93.4954
559.2554,93.501
560.2197,93.4826
561.1839,93.4593
562.1481,93.452
563.1124,93.4717
564.0766,93.5138
565.0408,93.5599
566.0051,93.5884
566.9693,93.5855
567.9335,93.5525
568.8978,93.5042
569.8620,93.4611
570.8262,93.4394
571.7905,93.4446
572.7547,93.4725
573.7189,93.5134
574.6832,93.5565
575.6474,93.5936
576.6116,93.621
577.5759,93.639
578.5401,93.651
579.5043,93.6612
580.4686,93.6718
581.4328,93.6821
582.3970,93.6879
583.3613,93.684
584.3255,93.6667
585.2897,93.6368
586.2540,93.6008
587.2182,93.5687
588.1824,93.5505
589.1467,93.5522
590.1109,93.5723
591.0751,93.602
592.0394,93.6279
593.0036,93.638
593.9678,93.6276
594.9321,93.6008
595.8963,93.5682
596.8605,93.5411
597.8248,93.5268
598.7890,93.5254
599.7532,93.531
600.7175,93.5349
601.6817,93.5305
602.6459,93.5162
603.6102,93.4952
604.5744,93.4724
605.5386,93.4517
606.5029,93.4337
607.4671,93.4163
608.4313,93.3965
609.3956,93.3721
610.3598,93.3428
611.3240,93.31
612.2883,93.275
613.2525,93.2385
614.2167,93.201
615.1810,93.1636
616.1452,93.1291
617.1094,93.1012
618.0737,93.0827
619.0379,93.0731
620.0021,93.0683
620.9664,93.0625
621.9306,93.0504
622.8948,93.0274
623.8591,92.9877
624.8233,92.9218
625.7875,92.8168
626.7518,92.6633
627.7160,92.4645
628.6802,92.2442
629.6445,92.0443
630.6087,91.9126
631.5729,91.8837
632.5372,91.9628
633.5014,92.1209
634.4656,92.3059
635.4299,92.465
636.3941,92.565
637.3583,92.6006
638.3226,92.5878
639.2868,92.5495
640.2510,92.5042
641.2153,92.4607
642.1795,92.4201
643.1437,92.3809
644.1080,92.3421
645.0722,92.3041
646.0364,92.2681
647.0007,92.2336
647.9649,92.198
648.9291,92.1555
649.8934,92.0994
650.8576,92.0257
651.8218,91.9364
652.7861,91.8408
653.7503,91.7538
654.7145,91.6902
655.6788,91.658
656.6430,91.6535
657.6072,91.6632
658.5715,91.6697
659.5357,91.659
660.4999,91.6254
661.4642,91.5718
662.4284,91.5042
663.3926,91.4234
664.3569,91.3219
665.3211,91.1832
666.2853,90.9895
667.2496,90.7435
668.2138,90.5016
669.1780,90.3484
670.1423,90.2986
671.1065,90.2917
672.0707,90.2694
673.0350,90.2033
673.9992,90.0877
674.9634,89.9315
675.9277,89.7534
676.8919,89.5745
677.8561,89.4104
678.8204,89.2692
679.7846,89.1557
680.7488,89.0733
681.7131,89.0218
682.6773,88.993
683.6415,88.9713
684.6058,88.939
685.5700,88.8831
686.5342,88.798
687.4985,88.6845
688.4627,88.5463
689.4269,88.3863
690.3912,88.2055
691.3554,88.0034
692.3196,87.7787
693.2839,87.5288
694.2481,87.2496
695.2123,86.9355
696.1766,86.5823
697.1408,86.1918
698.1050,85.7741
699.0693,85.3467
700.0335,84.9293
700.9977,84.5359
701.9620,84.1707
702.9262,83.8266
703.8904,83.4909
704.8547,83.1519
705.8189,82.8039
706.7831,82.4477
707.7474,82.0857
708.7116,81.7166
709.6758,81.3339
710.6401,80.9286
711.6043,80.4946
712.5685,80.0327
713.5328,79.5491
714.4970,79.0498
715.4612,78.5347
716.4255,77.9979
717.3897,77.4342
718.3539,76.8514
719.3182,76.2812
720.2824,75.7795
721.2466,75.4135
722.2109,75.241
723.1751,75.296
724.1393,75.5864
725.1036,76.0996
726.0678,76.8063
727.0320,77.6648
727.9963,78.6272
728.9605,79.6494
729.9247,80.7012
730.8890,81.7692
731.8532,82.8538
732.8174,83.961
733.7817,85.0957
734.7459,86.2576
735.7101,87.4392
736.6744,88.6256
737.6386,89.7939
738.6028,90.9143
739.5671,91.9533
740.5313,92.8792
741.4955,93.669
742.4598,94.3121
743.4240,94.8123
744.3882,95.1843
745.3525,95.4491
746.3167,95.6284
747.2809,95.7413
748.2452,95.8031
749.2094,95.8264
750.1736,95.8212
751.1379,95.7954
752.1021,95.7537
753.0663,95.6982
754.0306,95.6301
754.9948,95.5516
755.9590,95.4662
756.9233,95.3789
757.8875,95.2938
758.8517,95.2129
759.8160,95.1362
760.7802,95.0616
761.7444,94.9866
762.7087,94.9087
763.6729,94.8258
764.6371,94.7363
765.6014,94.6395
766.5656,94.5354
767.5298,94.4257
768.4941,94.3128
769.4583,94.1997
770.4225,94.0896
771.3868,93.9846
772.3510,93.8858
773.3152,93.7928
774.2795,93.7037
775.2437,93.6163
776.2079,93.5284
777.1722,93.4379
778.1364,93.3434
779.1006,93.243
780.0649,93.135
781.0291,93.0177
781.9933,92.8897
782.9576,92.7497
783.9218,92.5958
784.8860,92.425
785.8503,92.2334
786.8145,92.0191
787.7787,91.7863
788.7430,91.5489
789.7072,91.3321
790.6714,91.1694
791.6357,91.0947
792.5999,91.1316
793.5641,91.2845
794.5284,91.5339
795.4926,91.8406
796.4568,92.155
797.4211,92.4303
798.3853,92.6344
799.3495,92.7559
800.3138,92.8033
801.2780,92.7981
802.2422,92.7654
803.2065,92.7263
804.1707,92.6923
805.1349,92.6666
806.0992,92.6462
807.0634,92.6265
808.0276,92.6042
808.9919,92.5783
809.9561,92.5494
810.9203,92.5185
811.8846,92.4862
812.8488,92.4534
813.8130,92.4211
814.7773,92.391
815.7415,92.3645
816.7057,92.3417
817.6700,92.3209
818.6342,92.2979
819.5984,92.2681
820.5627,92.2274
821.5269,92.174
822.4911,92.1087
823.4554,92.0347
824.4196,91.9562
825.3839,91.8771
826.3481,91.7992
827.3123,91.7213
828.2766,91.6396
829.2408,91.5486
830.2050,91.4434
831.1693,91.3217
832.1335,91.1848
833.0977,91.0371
834.0620,90.8841
835.0262,90.7301
835.9904,90.5775
836.9547,90.4268
837.9189,90.278
838.8831,90.1322
839.8474,89.9913
840.8116,89.8574
841.7758,89.7319
842.7401,89.6164
843.7043,89.5144
844.6685,89.4324
845.6328,89.3802
846.5970,89.3673
847.5612,89.3988
848.5255,89.4715
849.4897,89.574
850.4539,89.6898
851.4182,89.803
852.3824,89.9025
853.3466,89.9842
854.3109,90.049
855.2751,90.0993
856.2393,90.1367
857.2036,90.1597
858.1678,90.1645
859.1320,90.1454
860.0963,90.0965
861.0605,90.0116
862.0247,89.8833
862.9890,89.7017
863.9532,89.4522
864.9174,89.1164
865.8817,88.6786
866.8459,88.1373
867.8101,87.5185
868.7744,86.8827
869.7386,86.3179
870.7028,85.9174
871.6671,85.7511
872.6313,85.8412
873.5955,86.1564
874.5598,86.6266
875.5240,87.1705
876.4882,87.7224
877.4525,88.2458
878.4167,88.7315
879.3809,89.1846
880.3452,89.611
881.3094,90.0099
882.2736,90.3747
883.2379,90.6974
884.2021,90.9738
885.1663,91.2042
886.1306,91.3913
887.0948,91.5383
888.0590,91.6471
889.0233,91.7194
889.9875,91.7583
890.9517,91.7693
891.9160,91.7601
892.8802,91.739
893.8444,91.7134
894.8087,91.6895
895.7729,91.6722
896.7371,91.6661
897.7014,91.6756
898.6656,91.7046
899.6298,91.755
900.5941,91.8262
901.5583,91.9147
902.5225,92.0152
903.4868,92.1217
904.4510,92.2293
905.4152,92.3347
906.3795,92.4358
907.3437,92.5315
908.3079,92.6206
909.2722,92.7013
910.2364,92.772
911.2007,92.8311
912.1649,92.8779
913.1292,92.9129
914.0934,92.9371
915.0576,92.9518
916.0219,92.9574
916.9861,92.9536
917.9503,92.9399
918.9146,92.9162
919.8788,92.8832
920.8430,92.8424
921.8073,92.7956
922.7715,92.7448
923.7357,92.6917
924.7000,92.6379
925.6642,92.5852
926.6284,92.5351
927.5927,92.4884
928.5569,92.4448
929.5211,92.4025
930.4854,92.359
931.4496,92.3118
932.4138,92.2598
933.3781,92.2039
934.3423,92.1462
935.3065,92.0888
936.2708,92.0331
937.2350,91.979
938.1992,91.9251
939.1635,91.8698
940.1277,91.8117
941.0919,91.7503
942.0562,91.6853
943.0204,91.6167
943.9846,91.5451
944.9489,91.4714
945.9131,91.3963
946.8773,91.3199
947.8416,91.2401
948.8058,91.1533
949.7700,91.0556
950.7343,90.9442
951.6985,90.8194
952.6627,90.6844
953.6270,90.5437
954.5912,90.4011
955.5554,90.2582
956.5197,90.1142
957.4839,89.9673
958.4481,89.8163
959.4124,89.6619
960.3766,89.5062
961.3408,89.3522
962.3051,89.2024
963.2693,89.0581
964.2335,88.9198
965.1978,88.7888
966.1620,88.6687
967.1262,88.5662
968.0905,88.4903
969.0547,88.4501
970.0189,88.452
970.9832,88.4975
971.9474,88.5833
972.9116,88.7024
973.8759,88.8465
974.8401,89.0074
975.8043,89.1776
976.7686,89.35
977.7328,89.517
978.6970,89.6715
979.6613,89.8076
980.6255,89.9217
981.5897,90.0125
982.5540,90.0811
983.5182,90.1293
984.4824,90.1594
985.4467,90.1732
986.4109,90.1726
987.3751,90.1598
988.3394,90.1367
989.3036,90.1049
990.2678,90.065
991.2321,90.0164
992.1963,89.957
993.1605,89.8843
994.1248,89.796
995.0890,89.6908
996.0532,89.5686
997.0175,89.4306
997.9817,89.2788
998.9459,89.115
999.9102,88.9403
1000.8744,88.7548
1001.8386,88.5561
1002.8029,88.3401
1003.7671,88.1011
1004.7313,87.8323
1005.6956,87.5261
1006.6598,87.1744
1007.6240,86.7669
1008.5883,86.292
1009.5525,85.7385
1010.5167,85.1021
1011.4810,84.3944
1012.4452,83.65
1013.4094,82.9291
1014.3737,82.3101
1015.3379,81.8727
1016.3021,81.6783
1017.2664,81.7541
1018.2306,82.0885
1019.1948,82.6395
1020.1591,83.3504
1021.1233,84.165
1022.0875,85.035
1023.0518,85.9181
1024.0160,86.7725
1024.9802,87.5529
1025.9445,88.2144
1026.9087,88.7223
1027.8729,89.0611
1028.8372,89.2388
1029.8014,89.2827
1030.7656,89.2286
1031.7299,89.111
1032.6941,88.956
1033.6583,88.7811
1034.6226,88.5975
1035.5868,88.4135
1036.5510,88.2363
1037.5153,88.0715
1038.4795,87.9228
1039.4437,87.7917
1040.4080,87.6782
1041.3722,87.5817
1042.3364,87.5023
1043.3007,87.4406
1044.2649,87.3977
1045.2291,87.3747
1046.1934,87.3717
1047.1576,87.3865
1048.1218,87.414
1049.0861,87.4463
1050.0503,87.474
1051.0145,87.4884
1051.9788,87.484
1052.9430,87.4591
1053.9072,87.4148
1054.8715,87.3534
1055.8357,87.2757
1056.7999,87.1801
1057.7642,87.0632
1058.7284,86.9213
1059.6926,86.7518
1060.6569,86.5548
1061.6211,86.3324
1062.5853,86.0885
1063.5496,85.8269
1064.5138,85.5507
1065.4780,85.2617
1066.4423,84.9605
1067.4065,84.6474
1068.3707,84.3229
1069.3350,83.9881
1070.2992,83.6446
1071.2634,83.2936
1072.2277,82.9359
1073.1919,82.5721
1074.1561,82.2041
1075.1204,81.8351
1076.0846,81.4703
1077.0488,81.1155
1078.0131,80.7757
1078.9773,80.4543
1079.9415,80.1527
1080.9058,79.8715
1081.8700,79.6113
1082.8342,79.3731
1083.7985,79.1578
1084.7627,78.9654
1085.7269,78.7944
1086.6912,78.6421
1087.6554,78.5056
1088.6196,78.383
1089.5839,78.2744
1090.5481,78.1823
1091.5123,78.1107
1092.4766,78.0642
1093.4408,78.0463
1094.4050,78.0591
1095.3693,78.1026
1096.3335,78.1761
1097.2977,78.2791
1098.2620,78.412
1099.2262,78.5766
1100.1904,78.7744
1101.1547,79.0062
1102.1189,79.2699
1103.0831,79.5605
1104.0474,79.8698
1105.0116,80.1872
1105.9758,80.4998
1106.9401,80.7939
1107.9043,81.0555
1108.8685,81.2722
1109.8328,81.4352
1110.7970,81.5412
1111.7612,81.5939
1112.7255,81.6035
1113.6897,81.5859
1114.6539,81.5601
1115.6182,81.5455
1116.5824,81.5589
1117.5466,81.613
1118.5109,81.7153
1119.4751,81.8687
1120.4393,82.0723
1121.4036,82.3233
1122.3678,82.6171
1123.3320,82.9491
1124.2963,83.3141
1125.2605,83.7075
1126.2247,84.1249
1127.1890,84.5629
1128.1532,85.0182
1129.1174,85.4876
1130.0817,85.9674
1131.0459,86.4529
1132.0101,86.9383
1132.9744,87.4171
1133.9386,87.8829
1134.9028,88.3299
1135.8671,88.7544
1136.8313,89.1549
1137.7955,89.5325
1138.7598,89.89
1139.7240,90.2316
1140.6882,90.5614
1141.6525,90.8827
1142.6167,91.198
1143.5809,91.5085
1144.5452,91.8142
1145.5094,92.1141
1146.4736,92.4058
1147.4379,92.6861
1148.4021,92.9516
1149.3663,93.1993
1150.3306,93.4277
1151.2948,93.6364
1152.2590,93.826
1153.2233,93.9977
1154.1875,94.1516
1155.1517,94.2874
1156.1160,94.404
1157.0802,94.5004
1158.0444,94.5761
1159.0087,94.6316
1159.9729,94.6682
1160.9371,94.6867
1161.9014,94.6868
1162.8656,94.6659
1163.8298,94.6193
1164.7941,94.5406
1165.7583,94.4241
1166.7225,94.2674
1167.6868,94.0743
1168.6510,93.8555
1169.6152,93.6278
1170.5795,93.4108
1171.5437,93.2223
1172.5079,93.0746
1173.4722,92.9732
1174.4364,92.9174
1175.4006,92.9025
1176.3649,92.9223
1177.3291,92.9699
1178.2933,93.0379
1179.2576,93.1166
1180.2218,93.1947
1181.1860,93.2602
1182.1503,93.303
1183.1145,93.3168
1184.0787,93.2991
1185.0430,93.2506
1186.0072,93.1734
1186.9714,93.0699
1187.9357,92.9425
1188.8999,92.7929
1189.8641,92.6226
1190.8284,92.4328
1191.7926,92.2251
1192.7568,92.0016
1193.7211,91.765
1194.6853,91.518
1195.6495,91.262
1196.6138,90.9977
1197.5780,90.7246
1198.5422,90.4426
1199.5065,90.1528
1200.4707,89.8571
1201.4349,89.5581
1202.3992,89.2574
1203.3634,88.9558
1204.3276,88.6527
1205.2919,88.3476
1206.2561,88.0398
1207.2203,87.7287
1208.1846,87.4129
1209.1488,87.0903
1210.1130,86.7582
1211.0773,86.4146
1212.0415,86.0594
1213.0057,85.694
1213.9700,85.3215
1214.9342,84.945
1215.8984,84.5674
1216.8627,84.1917
1217.8269,83.8214
1218.7911,83.461
1219.7554,83.1152
1220.7196,82.7878
1221.6838,82.4804
1222.6481,82.1918
1223.6123,81.9185
1224.5765,81.6553
1225.5408,81.3971
1226.5050,81.1393
1227.4692,80.8791
1228.4335,80.6147
1229.3977,80.3461
1230.3619,80.0743
1231.3262,79.8015
1232.2904,79.531
1233.2546,79.2666
1234.2189,79.0134
1235.1831,78.7771
1236.1473,78.5648
1237.1116,78.3836
1238.0758,78.2401
1239.0400,78.1389
1240.0043,78.0814
1240.9685,78.0662
1241.9327,78.0894
1242.8970,78.1457
1243.8612,78.2302
1244.8254,78.339
1245.7897,78.4693
1246.7539,78.619
1247.7181,78.7849
1248.6824,78.9625
1249.6466,79.1458
1250.6108,79.3288
1251.5751,79.5064
1252.5393,79.6756
1253.5035,79.8358
1254.4678,79.9883
1255.4320,80.1356
1256.3962,80.2812
1257.3605,80.4294
1258.3247,80.5849
1259.2889,80.7532
1260.2532,80.9397
1261.2174,81.1495
1262.1816,81.3864
1263.1459,81.6523
1264.1101,81.9464
1265.0743,82.2654
1266.0386,82.604
1267.0028,82.9561
1267.9670,83.3159
1268.9313,83.6778
1269.8955,84.0362
1270.8597,84.3847
1271.8240,84.7175
1272.7882,85.0299
1273.7524,85.3203
1274.7167,85.5899
1275.6809,85.8413
1276.6451,86.0772
1277.6094,86.2998
1278.5736,86.5105
1279.5378,86.7118
1280.5021,86.9071
1281.4663,87.1006
1282.4305,87.2961
1283.3948,87.4963
1284.3590,87.7025
1285.3232,87.9153
1286.2875,88.136
1287.2517,88.3663
1288.2159,88.6083
1289.1802,88.8635
1290.1444,89.1316
1291.1086,89.4116
1292.0729,89.7016
1293.0371,90.0006
1294.0013,90.3079
1294.9656,90.6231
1295.9298,90.9451
1296.8940,91.271
1297.8583,91.5965
1298.8225,91.9154
1299.7867,92.2211
1300.7510,92.5073
1301.7152,92.7692
1302.6794,93.0056
1303.6437,93.2185
1304.6079,93.4132
1305.5721,93.5961
1306.5364,93.7727
1307.5006,93.9468
1308.4648,94.1203
1309.4291,94.294
1310.3933,94.4685
1311.3575,94.6435
1312.3218,94.8174
1313.2860,94.9868
1314.2502,95.1482
1315.2145,95.2991
1316.1787,95.4394
1317.1429,95.5698
1318.1072,95.6911
1319.0714,95.802
1320.0356,95.9005
1320.9999,95.9841
1321.9641,96.0515
1322.9283,96.1012
1323.8926,96.1303
1324.8568,96.1323
1325.8210,96.0965
1326.7853,96.0084
1327.7495,95.8493
1328.7137,95.5982
1329.6780,95.2345
1330.6422,94.7465
1331.6064,94.1394
1332.5707,93.441
1333.5349,92.6969
1334.4991,91.9606
1335.4634,91.2847
1336.4276,90.7211
1337.3918,90.3229
1338.3561,90.1398
1339.3203,90.1983
1340.2845,90.4826
1341.2488,90.9393
1342.2130,91.5058
1343.1772,92.1317
1344.1415,92.7815
1345.1057,93.4261
1346.0699,94.0378
1347.0342,94.5913
1347.9984,95.0703
1348.9626,95.4712
1349.9269,95.8013
1350.8911,96.0722
1351.8553,96.2942
1352.8196,96.4745
1353.7838,96.6172
1354.7480,96.7253
1355.7123,96.8021
1356.6765,96.8523
1357.6407,96.8806
1358.6050,96.8898
1359.5692,96.8775
1360.5334,96.8361
1361.4977,96.7569
1362.4619,96.6381
1363.4261,96.49
1364.3904,96.3293
1365.3546,96.1702
1366.3188,96.0208
1367.2831,95.887
1368.2473,95.7756
1369.2115,95.6947
1370.1758,95.6505
1371.1400,95.6446
1372.1042,95.673
1373.0685,95.7266
1374.0327,95.7933
1374.9969,95.8607
1375.9612,95.9215
1376.9254,95.9751
1377.8896,96.0243
1378.8539,96.0713
1379.8181,96.1151
1380.7823,96.1524
1381.7466,96.1806
1382.7108,96.2006
1383.6750,96.2153
1384.6393,96.227
1385.6035,96.235
1386.5677,96.2353
1387.5320,96.224
1388.4962,96.2007
1389.4604,96.1682
1390.4247,96.1278
1391.3889,96.077
1392.3531,96.0106
1393.3174,95.9227
1394.2816,95.8088
1395.2458,95.6637
1396.2101,95.4792
1397.1743,95.2447
1398.1385,94.955
1399.1028,94.6154
1400.0670,94.2375
1401.0313,93.8265
1401.9955,93.3736
1402.9597,92.8633
1403.9240,92.2939
1404.8882,91.7006
1405.8524,91.1572
1406.8167,90.7477
1407.7809,90.5324
1408.7451,90.5412
1409.7094,90.7846
1410.6736,91.253
1411.6378,91.9025
1412.6021,92.6532
1413.5663,93.4194
1414.5305,94.1472
1415.4948,94.8257
1416.4590,95.4672
1417.4232,96.0742
1418.3875,96.6152
1419.3517,97.0418
1420.3159,97.3363
1421.2802,97.5249
1422.2444,97.6471
1423.2086,97.7301
1424.1729,97.7849
1425.1371,97.8147
1426.1013,97.8213
1427.0656,97.8068
1428.0298,97.7714
1428.9940,97.7139
1429.9583,97.6356
1430.9225,97.5425
1431.8867,97.4435
1432.8510,97.3435
1433.8152,97.2409
1434.7794,97.1303
1435.7437,97.0099
1436.7079,96.8889
1437.6721,96.7828
1438.6364,96.7001
1439.6006,96.6371
1440.5648,96.5852
1441.5291,96.5377
1442.4933,96.4922
1443.4575,96.449
1444.4218,96.409
1445.3860,96.3716
1446.3502,96.3343
1447.3145,96.2945
1448.2787,96.252
1449.2429,96.21
1450.2072,96.1732
1451.1714,96.1461
1452.1356,96.1321
1453.0999,96.1357
1454.0641,96.164
1455.0283,96.2265
1455.9926,96.3259
1456.9568,96.4387
1457.9210,96.5219
1458.8853,96.5596
1459.8495,96.5726
1460.8137,96.5871
1461.7780,96.6189
1462.7422,96.6723
1463.7064,96.739
1464.6707,96.798
1465.6349,96.8275
1466.5991,96.8228
1467.5634,96.7978
1468.5276,96.7715
1469.4918,96.7597
1470.4561,96.7738
1471.4203,96.8204
1472.3845,96.896
1473.3488,96.9838
1474.3130,97.0656
1475.2772,97.1365
1476.2415,97.2036
1477.2057,97.2755
1478.1699,97.3569
1479.1342,97.4485
1480.0984,97.5486
1481.0626,97.6541
1482.0269,97.7624
1482.9911,97.8722
1483.9553,97.9846
1484.9196,98.1027
1485.8838,98.2308
1486.8480,98.3701
1487.8123,98.5121
1488.7765,98.6338
1489.7407,98.7094
1490.7050,98.7329
1491.6692,98.7196
1492.6334,98.6887
1493.5977,98.6518
1494.5619,98.6114
1495.5261,98.5597
1496.4904,98.4739
1497.4546,98.3212
1498.4188,98.0821
1499.3831,97.7707
1500.3473,97.4236
1501.3115,97.076
1502.2758,96.7552
1503.2400,96.4885
1504.2042,96.321
1505.1685,96.333
1506.1327,96.6159
1507.0969,97.1324
1508.0612,97.6457
1509.0254,97.9815
1509.9896,98.166
1510.9539,98.2828
1511.9181,98.3837
1512.8823,98.487
1513.8466,98.5918
1514.8108,98.6887
1515.7750,98.7678
1516.7393,98.826
1517.7035,98.8684
1518.6677,98.9049
1519.6320,98.942
1520.5962,98.9782
1521.5604,99.004
1522.5247,99.0094
1523.4889,98.991
1524.4531,98.9535
1525.4174,98.9053
1526.3816,98.8552
1527.3458,98.8106
1528.3101,98.7767
1529.2743,98.7573
1530.2385,98.7559
1531.2028,98.7752
1532.1670,98.8151
1533.1312,98.869
1534.0955,98.9257
1535.0597,98.9798
1536.0239,99.0379
1536.9882,99.1162
1537.9524,99.233
1538.9166,99.3942
1539.8809,99.5606
1540.8451,99.6387
1541.8093,99.5748
1542.7736,99.4248
1543.7378,99.2656
1544.7020,99.1321
1545.6663,99.0299
1546.6305,98.9549
1547.5947,98.9022
1548.5590,98.8675
1549.5232,98.8476
1550.4874,98.8401
1551.4517,98.8442
1552.4159,98.8608
1553.3801,98.893
1554.3444,98.9452
1555.3086,99.0205
1556.2728,99.1143
1557.2371,99.1977
1558.2013,99.2096
1559.1655,99.1161
1560.1298,98.9737
1561.0940,98.8488
1562.0582,98.7567
1563.0225,98.6872
1563.9867,98.6304
1564.9509,98.5822
1565.9152,98.5411
1566.8794,98.5018
1567.8436,98.4504
1568.8079,98.3697
1569.7721,98.2547
1570.7363,98.1206
1571.7006,97.9892
1572.6648,97.8718
1573.6290,97.7647
1574.5933,97.6537
1575.5575,97.5271
1576.5217,97.3938
1577.4860,97.2859
1578.4502,97.2322
1579.4144,97.2404
1580.3787,97.3044
1581.3429,97.4136
1582.3071,97.5537
1583.2714,97.7054
1584.2356,97.8486
1585.1998,97.97
1586.1641,98.0663
1587.1283,98.1409
1588.0925,98.198
1589.0568,98.2413
1590.0210,98.2737
1590.9852,98.2987
1591.9495,98.3185
1592.9137,98.3328
1593.8779,98.3384
1594.8422,98.3317
1595.8064,98.3114
1596.7706,98.2802
1597.7349,98.2427
1598.6991,98.2025
1599.6633,98.1595
1600.6276,98.1109
1601.5918,98.0525
1602.5560,97.9828
1603.5203,97.9042
1604.4845,97.8226
1605.4487,97.7435
1606.4130,97.6692
1607.3772,97.5977
1608.3414,97.5255
1609.3057,97.4519
1610.2699,97.3817
1611.2341,97.324
1612.1984,97.2891
1613.1626,97.2864
1614.1268,97.3229
1615.0911,97.3973
1616.0553,97.4912
1617.0195,97.572
1617.9838,97.6185
1618.9480,97.6353
1619.9122,97.6402
1620.8765,97.6466
1621.8407,97.6573
1622.8049,97.6656
1623.7692,97.6617
1624.7334,97.6416
1625.6976,97.6094
1626.6619,97.5707
1627.6261,97.5277
1628.5903,97.4798
1629.5546,97.4287
1630.5188,97.3817
1631.4830,97.3491
1632.4473,97.3422
1633.4115,97.3686
1634.3757,97.423
1635.3400,97.4752
1636.3042,97.482
1637.2684,97.4286
1638.2327,97.337
1639.1969,97.2347
1640.1611,97.1374
1641.1254,97.0537
1642.0896,96.9919
1643.0538,96.9621
1644.0181,96.9734
1644.9823,97.024
1645.9465,97.0861
1646.9108,97.113
1647.8750,97.0792
1648.8392,97.0005
1649.8035,96.9081
1650.7677,96.8251
1651.7319,96.7597
1652.6962,96.6967
1653.6604,96.601
1654.6246,96.4587
1655.5889,96.2933
1656.5531,96.1298
1657.5173,95.9801
1658.4816,95.8484
1659.4458,95.7339
1660.4100,95.6269
1661.3743,95.5088
1662.3385,95.362
1663.3027,95.187
1664.2670,95.0029
1665.2312,94.8304
1666.1954,94.6794
1667.1597,94.5474
1668.1239,94.4219
1669.0881,94.2854
1670.0524,94.1267
1671.0166,93.9481
1671.9808,93.7594
1672.9451,93.566
1673.9093,93.3654
1674.8735,93.1513
1675.8378,92.9216
1676.8020,92.6833
1677.7662,92.4493
1678.7305,92.2307
1679.6947,92.0326
1680.6589,91.8537
1681.6232,91.6864
1682.5874,91.5162
1683.5516,91.3285
1684.5159,91.1201
1685.4801,90.8962
1686.4443,90.653
1687.4086,90.3784
1688.3728,90.0648
1689.3370,89.7186
1690.3013,89.3559
1691.2655,88.991
1692.2297,88.6248
1693.1940,88.2456
1694.1582,87.8405
1695.1224,87.4076
1696.0867,86.9529
1697.0509,86.4639
1698.0151,85.889
1698.9794,85.173
1699.9436,84.3365
1700.9078,83.4901
1701.8721,82.7424
1702.8363,82.1175
1703.8005,81.565
1704.7648,81.0208
1705.7290,80.4617
1706.6932,79.9255
1707.6575,79.4811
1708.6217,79.1734
1709.5859,79.0008
1710.5502,78.9349
1711.5144,78.9493
1712.4786,79.0329
1713.4429,79.1894
1714.4071,79.4325
1715.3713,79.7776
1716.3356,80.2198
1717.2998,80.7115
1718.2640,81.1857
1719.2283,81.6138
1720.1925,82.0156
1721.1567,82.4264
1722.1210,82.871
1723.0852,83.3558
1724.0494,83.872
1725.0137,84.4065
1725.9779,84.9522
1726.9421,85.5091
1727.9064,86.0759
1728.8706,86.645
1729.8348,87.2101
1730.7991,87.7807
1731.7633,88.3886
1732.7275,89.0616
1733.6918,89.7734
1734.6560,90.4415
1735.6202,91.0079
1736.5845,91.4903
1737.5487,91.9496
1738.5129,92.4419
1739.4772,92.9891
1740.4414,93.5709
1741.4056,94.1426
1742.3699,94.6718
1743.3341,95.1593
1744.2983,95.6246
1745.2626,96.0798
1746.2268,96.5183
1747.1910,96.9198
1748.1553,97.2634
1749.1195,97.5388
1750.0837,97.7502
1751.0480,97.9118
1752.0122,98.04
1752.9764,98.1487
1753.9407,98.2486
1754.9049,98.3455
1755.8691,98.4397
1756.8334,98.527
1757.7976,98.6027
1758.7618,98.6662
1759.7261,98.7216
1760.6903,98.7728
1761.6545,98.8198
1762.6188,98.8589
1763.5830,98.8879
1764.5472,98.9098
1765.5115,98.9318
1766.4757,98.9627
1767.4399,99.009
1768.4042,99.0734
1769.3684,99.152
1770.3326,99.232
1771.2969,99.2933
1772.2611,99.3185
1773.2253,99.306
1774.1896,99.2725
1775.1538,99.2398
1776.1180,99.2228
1777.0823,99.2258
1778.0465,99.2442
1779.0107,99.267
1779.9750,99.2813
1780.9392,99.2783
1781.9034,99.2583
1782.8677,99.2293
1783.8319,99.2024
1784.7961,99.1872
1785.7604,99.189
1786.7246,99.2082
1787.6888,99.242
1788.6531,99.286
1789.6173,99.3346
1790.5815,99.3798
1791.5458,99.4126
1792.5100,99.428
1793.4742,99.4296
1794.4385,99.4262
1795.4027,99.4245
1796.3669,99.4253
1797.3312,99.4246
1798.2954,99.4172
1799.2596,99.4002
1800.2239,99.3763
1801.1881,99.352
1802.1523,99.3347
1803.1166,99.3277
1804.0808,99.331
1805.0450,99.3429
1806.0093,99.3619
1806.9735,99.3861
1807.9377,99.4119
1808.9020,99.4336
1809.8662,99.4455
1810.8304,99.4456
1811.7947,99.4382
1812.7589,99.4306
1813.7231,99.4283
1814.6874,99.4313
1815.6516,99.4341
1816.6158,99.4302
1817.5801,99.4163
1818.5443,99.3962
1819.5085,99.3787
1820.4728,99.3723
1821.4370,99.3807
1822.4012,99.4019
1823.3655,99.4302
1824.3297,99.4597
1825.2939,99.4877
1826.2582,99.5144
1827.2224,99.54
1828.1866,99.5613
1829.1509,99.5722
1830.1151,99.5678
1831.0793,99.5507
1832.0436,99.53
1833.0078,99.5156
1833.9720,99.5128
1834.9363,99.5209
1835.9005,99.5353
1836.8647,99.5502
1837.8290,99.5628
1838.7932,99.5748
1839.7574,99.5906
1840.7217,99.6139
1841.6859,99.6448
1842.6501,99.6787
1843.6144,99.7073
1844.5786,99.724
1845.5428,99.7289
1846.5071,99.7278
1847.4713,99.7266
1848.4355,99.7271
1849.3998,99.7285
1850.3640,99.7288
1851.3282,99.7275
1852.2925,99.7266
1853.2567,99.7295
1854.2209,99.7387
1855.1852,99.7543
1856.1494,99.7729
1857.1136,99.7884
1858.0779,99.7946
1859.0421,99.7885
1860.0063,99.7724
1860.9706,99.7548
1861.9348,99.7473
1862.8990,99.7606
1863.8633,99.7995
1864.8275,99.8614
1865.7917,99.9342
1866.7560,99.9979
1867.7202,100.03
1868.6844,100.02
1869.6487,99.9778
1870.6129,99.9277
1871.5771,99.891
1872.5414,99.8767
1873.5056,99.8829
1874.4698,99.902
1875.4341,99.9243
1876.3983,99.9413
1877.3625,99.9481
1878.3268,99.9445
1879.2910,99.9345
1880.2552,99.9246
1881.2195,99.9209
1882.1837,99.927
1883.1479,99.9418
1884.1122,99.96
1885.0764,99.9749
1886.0406,99.9821
1887.0049,99.9814
1887.9691,99.9774
1888.9333,99.9767
1889.8976,99.9837
1890.8618,99.9978
1891.8260,100.014
1892.7903,100.026
1893.7545,100.029
1894.7188,100.022
1895.6830,100.008
1896.6472,99.9925
1897.6115,99.9781
1898.5757,99.9667
1899.5399,99.9575
1900.5042,99.9496
1901.4684,99.944
1902.4326,99.9444
1903.3969,99.9548
1904.3611,99.9766
1905.3253,100.005
1906.2896,100.031
1907.2538,100.043
1908.2180,100.032
1909.1823,99.9992
1910.1465,99.9557
1911.1107,99.9172
1912.0750,99.8961
1913.0392,99.8967
1914.0034,99.9152
1914.9677,99.9436
1915.9319,99.9731
1916.8961,99.9972
1917.8604,100.012
1918.8246,100.018
1919.7888,100.015
1920.7531,100.003
1921.7173,99.9823
1922.6815,99.9573
1923.6458,99.9341
1924.6100,99.9199
1925.5742,99.9185
1926.5385,99.9282
1927.5027,99.9426
1928.4669,99.9539
1929.4312,99.9562
1930.3954,99.9465
1931.3596,99.9254
1932.3239,99.8949
1933.2881,99.8582
1934.2523,99.8194
1935.2166,99.7836
1936.1808,99.7566
1937.1450,99.742
1938.1093,99.7402
1939.0735,99.7478
1940.0377,99.7588
1941.0020,99.7668
1941.9662,99.7665
1942.9304,99.7559
1943.8947,99.7362
1944.8589,99.7116
1945.8231,99.6868
1946.7874,99.6658
1947.7516,99.6515
1948.7158,99.6449
1949.6801,99.6447
1950.6443,99.6467
1951.6085,99.6449
1952.5728,99.6328
1953.5370,99.6077
1954.5012,99.5745
1955.4655,99.5467
1956.4297,99.5429
1957.3939,99.5782
1958.3582,99.6543
1959.3224,99.754
1960.2866,99.8461
1961.2509,99.8994
1962.2151,99.8978
1963.1793,99.8469
1964.1436,99.7679
1965.1078,99.6872
1966.0720,99.6266
1967.0363,99.6005
1968.0005,99.6153
1968.9647,99.6715
1969.9290,99.7618
1970.8932,99.868
1971.8574,99.9597
1972.8217,99.999
1973.7859,99.9538
1974.7501,99.8156
1975.7144,99.6121
1976.6786,99.4021
1977.6428,99.2498
1978.6071,99.1932
1979.5713,99.2276
1980.5355,99.315
1981.4998,99.4083
1982.4640,99.4723
1983.4282,99.4939
1984.3925,99.4805
1985.3567,99.4519
1986.3209,99.4287
1987.2852,99.4246
1988.2494,99.4436
1989.2136,99.4842
1990.1779,99.5431
1991.1421,99.6179
1992.1063,99.7061
1993.0706,99.8025
1994.0348,99.8976
1994.9990,99.9799
1995.9633,100.039
1996.9275,100.071
1997.8917,100.077
1998.8560,100.067
1999.8202,100.053
2000.7844,100.041
2001.7487,100.031
2002.7129,100.012
2003.6771,99.9749
2004.6414,99.915
2005.6056,99.8398
2006.5698,99.7653
2007.5341,99.7079
2008.4983,99.6755
2009.4625,99.6652
2010.4268,99.6686
2011.3910,99.6789
2012.3552,99.6944
2013.3195,99.7153
2014.2837,99.7391
2015.2479,99.7587
2016.2122,99.7658
2017.1764,99.7582
2018.1406,99.7435
2019.1049,99.7358
2020.0691,99.745
2021.0333,99.7684
2021.9976,99.7906
2022.9618,99.7912
2023.9260,99.759
2024.8903,99.7012
2025.8545,99.6422
2026.8187,99.6103
2027.7830,99.6202
2028.7472,99.6613
2029.7114,99.7006
2030.6757,99.6989
2031.6399,99.6322
2032.6041,99.5059
2033.5684,99.3547
2034.5326,99.2275
2035.4968,99.1659
2036.4611,99.189
2037.4253,99.2904
2038.3895,99.4443
2039.3538,99.6145
2040.3180,99.7624
2041.2822,99.8556
2042.2465,99.8745
2043.2107,99.8167
2044.1749,99.6959
2045.1392,99.5369
2046.1034,99.371
2047.0676,99.2312
2048.0320,99.1471
2048.9961,99.1366
2049.9604,99.2007
2050.9246,99.3221
2051.8889,99.4713
2052.8530,99.6149
2053.8174,99.7252
2054.7815,99.7889
2055.7458,99.8102
2056.7100,99.806
2057.6743,99.7945
2058.6384,99.7866
2059.6028,99.7833
2060.5669,99.7816
2061.5313,99.7819
2062.4954,99.7895
2063.4597,99.8101
2064.4238,99.842
2065.3882,99.874
2066.3523,99.8906
2067.3167,99.8826
2068.2808,99.853
2069.2451,99.8157
2070.2092,99.7859
2071.1736,99.7714
2072.1377,99.7692
2073.1021,99.7702
2074.0662,99.767
2075.0305,99.7597
2075.9946,99.7542
2076.9590,99.7569
2077.9231,99.7694
2078.8875,99.7871
2079.8516,99.8028
2080.8159,99.8118
2081.7800,99.8151
2082.7444,99.8181
2083.7085,99.8279
2084.6729,99.8488
2085.6370,99.8797
2086.6013,99.9148
2087.5654,99.9456
2088.5298,99.9647
2089.4939,99.9694
2090.4583,99.9624
2091.4224,99.9496
2092.3867,99.9362
2093.3508,99.9235
2094.3152,99.9089
2095.2793,99.8897
2096.2437,99.8667
2097.2078,99.8455
2098.1721,99.8331
2099.1362,99.8324
2100.1006,99.8394
2101.0647,99.8456
2102.0291,99.8433
2102.9932,99.8312
2103.9575,99.8141
2104.9216,99.7991
2105.8860,99.79
2106.8501,99.7855
2107.8145,99.7812
2108.7786,99.774
2109.7429,99.7656
2110.7070,99.761
2111.6714,99.7661
2112.6355,99.7843
2113.5999,99.8158
2114.5640,99.8585
2115.5283,99.9089
2116.4924,99.9625
2117.4568,100.013
2118.4209,100.056
2119.3853,100.087
2120.3494,100.107
2121.3137,100.123
2122.2778,100.145
2123.2422,100.175
2124.2063,100.213
2125.1707,100.248
2126.1348,100.273
2127.0991,100.286
2128.0632,100.292
2129.0276,100.308
2129.9917,100.345
2130.9561,100.406
2131.9202,100.479
2132.8845,100.54
2133.8486,100.567
2134.8130,100.549
2135.7771,100.49
2136.7415,100.408
2137.7056,100.325
2138.6699,100.257
2139.6340,100.212
2140.5984,100.19
2141.5625,100.186
2142.5269,100.189
2143.4910,100.181
2144.4553,100.145
2145.4194,100.072
2146.3838,99.9691
2147.3479,99.8636
2148.3123,99.7918
2149.2764,99.7831
2150.2407,99.8465
2151.2048,99.9664
2152.1692,100.11
2153.1333,100.237
2154.0977,100.31
2155.0618,100.293
2156.0261,100.154
2156.9902,99.8725
2157.9546,99.4657
2158.9187,99.005
2159.8831,98.5982
2160.8472,98.3357
2161.8115,98.2471
2162.7756,98.3001
2163.7400,98.4297
2164.7041,98.573
2165.6685,98.6921
2166.6326,98.7804
2167.5969,98.853
2168.5610,98.9278
2169.5254,99.0115
2170.4895,99.096
2171.4539,99.1649
2172.4180,99.2041
2173.3823,99.2088
2174.3464,99.1847
2175.3108,99.1433
2176.2749,99.096
2177.2393,99.0493
2178.2034,99.0055
2179.1677,98.9638
2180.1318,98.9235
2181.0962,98.886
2182.0603,98.8557
2183.0247,98.8396
2183.9888,98.8444
2184.9531,98.8729
2185.9172,98.9199
2186.8816,98.9722
2187.8457,99.0129
2188.8101,99.028
2189.7742,99.0127
2190.7385,98.9743
2191.7026,98.9283
2192.6670,98.8921
2193.6311,98.8779
2194.5955,98.8886
2195.5596,98.9176
2196.5239,98.9523
2197.4880,98.9794
2198.4524,98.9915
2199.4165,98.9904
2200.3809,98.9868
2201.3450,98.9945
2202.3093,99.0217
2203.2734,99.0661
2204.2378,99.1148
2205.2019,99.1516
2206.1663,99.1663
2207.1304,99.1592
2208.0947,99.139
2209.0588,99.1162
2210.0232,99.0963
2210.9873,99.0798
2211.9517,99.0656
2212.9158,99.0555
2213.8801,99.0534
2214.8442,99.0618
2215.8086,99.0775
2216.7727,99.0922
2217.7371,99.0977
2218.7012,99.0926
2219.6655,99.084
2220.6296,99.0834
2221.5940,99.0999
2222.5581,99.1346
2223.5225,99.1805
2224.4866,99.2273
2225.4509,99.265
2226.4150,99.2868
2227.3794,99.2877
2228.3435,99.2648
2229.3079,99.2181
2230.2720,99.1537
2231.2363,99.0851
2232.2004,99.0303
2233.1648,99.0051
2234.1289,99.0166
2235.0933,99.0591
2236.0574,99.1162
2237.0217,99.1678
2237.9858,99.1989
2238.9502,99.2061
2239.9143,99.1982
2240.8787,99.1914
2241.8428,99.2005
2242.8071,99.231
2243.7712,99.2753
2244.7356,99.3171
2245.6997,99.3403
2246.6641,99.3383
2247.6282,99.3174
2248.5925,99.2917
2249.5566,99.2743
2250.5210,99.2686
2251.4851,99.268
2252.4495,99.2617
2253.4136,99.2439
2254.3779,99.2187
2255.3420,99.198
2256.3064,99.1942
2257.2705,99.2123
2258.2349,99.2479
2259.1990,99.29
2260.1633,99.3265
2261.1274,99.3493
2262.0918,99.3562
2263.0559,99.35
2264.0203,99.3363
2264.9844,99.3215
2265.9487,99.3111
2266.9128,99.3082
2267.8772,99.3129
2268.8413,99.3229
2269.8057,99.3349
2270.7698,99.3461
2271.7341,99.3547
2272.6982,99.3601
2273.6626,99.3621
2274.6267,99.3608
2275.5911,99.3558
2276.5552,99.347
2277.5195,99.3342
2278.4836,99.3173
2279.4480,99.2968
2280.4121,99.2741
2281.3765,99.2517
2282.3406,99.2323
2283.3049,99.2179
2284.2690,99.2092
2285.2334,99.205
2286.1975,99.2032
2287.1619,99.2021
2288.1260,99.2
2289.0903,99.1957
2290.0544,99.188
2291.0188,99.1762
2291.9829,99.1613
2292.9473,99.1461
2293.9114,99.1349
2294.8757,99.1306
2295.8398,99.1327
2296.8042,99.1375
2297.7683,99.1389
2298.7327,99.1322
2299.6968,99.1158
2300.6611,99.0909
2301.6252,99.0596
2302.5896,99.0225
2303.5537,98.9781
2304.5181,98.9244
2305.4822,98.8612
2306.4465,98.7919
2307.4106,98.7236
2308.3750,98.6651
2309.3391,98.6237
2310.3035,98.6025
2311.2676,98.5991
2312.2319,98.6063
2313.1960,98.615
2314.1604,98.6167
2315.1245,98.6065
2316.0889,98.5818
2317.0530,98.5409
2318.0173,98.481
2318.9814,98.4002
2319.9458,98.3026
2320.9099,98.2039
2321.8743,98.1311
2322.8384,98.1112
2323.8027,98.157
2324.7668,98.2601
2325.7312,98.3943
2326.6953,98.5272
2327.6597,98.6305
2328.6238,98.6899
2329.5881,98.71
2330.5522,98.7109
2331.5166,98.7163
2332.4807,98.7401
2333.4451,98.7809
2334.4092,98.8273
2335.3735,98.8663
2336.3376,98.8892
2337.3020,98.8926
2338.2661,98.878
2339.2305,98.8494
2340.1946,98.813
2341.1589,98.7775
2342.1230,98.7527
2343.0874,98.7465
2344.0515,98.7582
2345.0159,98.7782
2345.9800,98.7934
2346.9443,98.7961
2347.9084,98.7848
2348.8728,98.7612
2349.8369,98.7276
2350.8013,98.6844
2351.7654,98.6304
2352.7297,98.5643
2353.6938,98.4867
2354.6582,98.4036
2355.6223,98.326
2356.5867,98.2657
2357.5508,98.2316
2358.5151,98.2255
2359.4792,98.2421
2360.4436,98.2724
2361.4077,98.3105
2362.3721,98.3563
2363.3362,98.4136
2364.3005,98.4833
2365.2646,98.5592
2366.2290,98.6301
2367.1931,98.6856
2368.1575,98.7233
2369.1216,98.7505
2370.0859,98.7805
2371.0500,98.8249
2372.0144,98.8878
2372.9785,98.9642
2373.9429,99.0441
2374.9070,99.1185
2375.8713,99.184
2376.8354,99.2432
2377.7998,99.3021
2378.7639,99.3663
2379.7283,99.4379
2380.6924,99.5156
2381.6567,99.596
2382.6208,99.6755
2383.5852,99.7516
2384.5493,99.8228
2385.5137,99.888
2386.4778,99.9458
2387.4421,99.9946
2388.4063,100.033
2389.3706,100.059
2390.3347,100.075
2391.2991,100.082
2392.2632,100.083
2393.2275,100.082
2394.1917,100.082
2395.1560,100.085
2396.1201,100.088
2397.0845,100.091
2398.0486,100.093
2399.0129,100.093
2399.9771,100.094
2400.9414,100.096
2401.9055,100.101
2402.8699,100.106
2403.8340,100.108
2404.7983,100.103
2405.7625,100.091
2406.7268,100.076
2407.6909,100.062
2408.6553,100.056
2409.6194,100.06
2410.5837,100.071
2411.5479,100.085
2412.5122,100.097
2413.4763,100.101
2414.4407,100.097
2415.4048,100.087
2416.3691,100.075
2417.3333,100.066
2418.2976,100.063
2419.2617,100.066
2420.2261,100.073
2421.1902,100.082
2422.1545,100.088
2423.1187,100.09
2424.0830,100.088
2425.0471,100.081
2426.0115,100.072
2426.9756,100.061
2427.9399,100.05
2428.9041,100.038
2429.8684,100.027
2430.8325,100.018
2431.7969,100.014
2432.7610,100.014
2433.7253,100.018
2434.6895,100.024
2435.6538,100.03
2436.6179,100.033
2437.5823,100.033
2438.5464,100.029
2439.5107,100.022
2440.4749,100.016
2441.4392,100.011
2442.4033,100.009
2443.3677,100.009
2444.3318,100.012
2445.2961,100.015
2446.2603,100.014
2447.2246,100.008
2448.1887,99.9941
2449.1531,99.977
2450.1172,99.9617
2451.0815,99.9541
2452.0457,99.9579
2453.0100,99.9727
2453.9741,99.9937
2454.9385,100.015
2455.9026,100.03
2456.8669,100.037
2457.8311,100.036
2458.7954,100.031
2459.7595,100.023
2460.7239,100.016
2461.6880,100.011
2462.6523,100.007
2463.6165,100.005
2464.5808,100.006
2465.5449,100.008
2466.5093,100.01
2467.4734,100.01
2468.4377,100.007
2469.4019,100.002
2470.3662,99.9975
2471.3303,99.9965
2472.2947,99.9988
2473.2588,100.002
2474.2231,100.001
2475.1873,99.994
2476.1516,99.9806
2477.1157,99.9659
2478.0801,99.9559
2479.0442,99.9549
2480.0085,99.9624
2480.9727,99.9738
2481.9370,99.9828
2482.9011,99.9853
2483.8655,99.981
2484.8296,99.9725
2485.7939,99.9629
2486.7581,99.9533
2487.7224,99.9435
2488.6865,99.9328
2489.6509,99.9226
2490.6150,99.9163
2491.5793,99.9176
2492.5435,99.9276
2493.5078,99.9438
2494.4719,99.9603
2495.4363,99.9717
2496.4004,99.9755
2497.3647,99.9733
2498.3289,99.9695
2499.2932,99.9675
2500.2573,99.968
2501.2217,99.9689
2502.1858,99.968
2503.1501,99.9648
2504.1143,99.9624
2505.0786,99.9645
2506.0427,99.9733
2507.0071,99.9866
2507.9712,99.9996
2508.9355,100.007
2509.8997,100.006
2510.8640,99.9991
2511.8281,99.9892
2512.7925,99.9803
2513.7566,99.9739
2514.7209,99.9695
2515.6851,99.9665
2516.6494,99.9647
2517.6135,99.9648
2518.5779,99.9667
2519.5420,99.9693
2520.5063,99.9706
2521.4705,99.9692
2522.4348,99.965
2523.3989,99.9597
2524.3633,99.9556
2525.3274,99.9537
2526.2917,99.9542
2527.2559,99.9563
2528.2202,99.9591
2529.1843,99.9624
2530.1487,99.9658
2531.1128,99.9688
2532.0771,99.9711
2533.0413,99.9725
2534.0056,99.9735
2534.9697,99.9749
2535.9341,99.9768
2536.8982,99.9787
2537.8625,99.9798
2538.8267,99.9798
2539.7910,99.9794
2540.7551,99.9798
2541.7195,99.982
2542.6836,99.9856
2543.6479,99.9896
2544.6121,99.9932
2545.5764,99.9964
2546.5405,100
2547.5049,100.005
2548.4690,100.011
2549.4333,100.017
2550.3975,100.021
2551.3618,100.024
2552.3259,100.026
2553.2903,100.027
2554.2544,100.029
2555.2188,100.03
2556.1829,100.028
2557.1472,100.021
2558.1113,100.01
2559.0757,99.9971
2560.0398,99.9873
2561.0042,99.9837
2561.9683,99.9873
2562.9326,99.9966
2563.8967,100.009
2564.8611,100.021
2565.8252,100.033
2566.7896,100.046
2567.7537,100.059
2568.7180,100.071
2569.6821,100.079
2570.6465,100.08
2571.6106,100.076
2572.5750,100.068
2573.5391,100.063
2574.5034,100.06
2575.4675,100.061
2576.4319,100.062
2577.3960,100.06
2578.3604,100.055
2579.3245,100.048
2580.2888,100.042
2581.2529,100.039
2582.2173,100.04
2583.1814,100.044
2584.1458,100.051
2585.1099,100.061
2586.0742,100.073
2587.0383,100.085
2588.0027,100.094
2588.9668,100.097
2589.9312,100.094
2590.8953,100.089
2591.8596,100.084
2592.8237,100.085
2593.7881,100.093
2594.7522,100.107
2595.7166,100.122
2596.6807,100.136
2597.6450,100.145
2598.6091,100.148
2599.5735,100.148
2600.5376,100.146
2601.5020,100.144
2602.4661,100.144
2603.4304,100.144
2604.3945,100.142
2605.3589,100.137
2606.3230,100.13
2607.2874,100.124
2608.2515,100.121
2609.2158,100.125
2610.1799,100.136
2611.1443,100.152
2612.1084,100.169
2613.0728,100.181
2614.0369,100.187
2615.0012,100.187
2615.9653,100.184
2616.9297,100.18
2617.8938,100.178
2618.8582,100.179
2619.8223,100.181
2620.7866,100.182
2621.7507,100.181
2622.7151,100.178
2623.6792,100.175
2624.6436,100.173
2625.6077,100.174
2626.5720,100.177
2627.5361,100.18
2628.5005,100.181
2629.4646,100.179
2630.4290,100.172
2631.3931,100.165
2632.3574,100.159
2633.3215,100.158
2634.2859,100.164
2635.2500,100.176
2636.2144,100.193
2637.1785,100.208
2638.1428,100.219
2639.1069,100.224
2640.0713,100.224
2641.0354,100.222
2641.9998,100.221
2642.9639,100.223
2643.9282,100.227
2644.8923,100.233
2645.8567,100.239
2646.8208,100.243
2647.7852,100.246
2648.7493,100.249
2649.7136,100.253
2650.6777,100.26
2651.6421,100.268
2652.6062,100.278
2653.5706,100.286
2654.5347,100.292
2655.4990,100.297
2656.4631,100.299
2657.4275,100.301
2658.3916,100.305
2659.3560,100.313
2660.3201,100.327
2661.2844,100.347
2662.2485,100.37
2663.2129,100.394
2664.1770,100.414
2665.1414,100.426
2666.1055,100.432
2667.0698,100.433
2668.0339,100.432
2668.9983,100.433
2669.9624,100.438
2670.9268,100.445
2671.8909,100.453
2672.8552,100.459
2673.8193,100.461
2674.7837,100.461
2675.7478,100.46
2676.7122,100.459
2677.6763,100.46
2678.6406,100.463
2679.6047,100.468
2680.5691,100.472
2681.5332,100.475
2682.4976,100.475
2683.4617,100.473
2684.4260,100.471
2685.3901,100.469
2686.3545,100.469
2687.3186,100.473
2688.2830,100.478
2689.2471,100.483
2690.2114,100.487
2691.1755,100.488
2692.1399,100.487
2693.1040,100.484
2694.0684,100.483
2695.0325,100.486
2695.9968,100.492
2696.9609,100.501
2697.9253,100.509
2698.8894,100.515
2699.8538,100.516
2700.8179,100.515
2701.7822,100.512
2702.7463,100.511
2703.7107,100.513
2704.6748,100.52
2705.6392,100.527
2706.6033,100.532
2707.5676,100.534
2708.5317,100.533
2709.4961,100.531
2710.4602,100.53
2711.4246,100.533
2712.3887,100.539
2713.3530,100.544
2714.3171,100.549
2715.2815,100.55
2716.2456,100.548
2717.2100,100.546
2718.1741,100.544
2719.1384,100.545
2720.1025,100.549
2721.0669,100.554
2722.0310,100.558
2722.9954,100.56
2723.9595,100.559
2724.9238,100.555
2725.8879,100.55
2726.8523,100.545
2727.8164,100.542
2728.7808,100.539
2729.7449,100.538
2730.7092,100.536
2731.6733,100.534
2732.6377,100.532
2733.6018,100.53
2734.5662,100.528
2735.5303,100.527
2736.4946,100.527
2737.4587,100.529
2738.4231,100.533
2739.3872,100.537
2740.3516,100.542
2741.3157,100.546
2742.2800,100.548
2743.2441,100.548
2744.2085,100.547
2745.1726,100.545
2746.1370,100.544
2747.1011,100.544
2748.0654,100.545
2749.0295,100.547
2749.9939,100.549
2750.9580,100.551
2751.9224,100.552
2752.8865,100.553
2753.8508,100.555
2754.8149,100.558
2755.7793,100.562
2756.7434,100.565
2757.7078,100.567
2758.6719,100.565
2759.6362,100.561
2760.6003,100.556
2761.5647,100.552
2762.5288,100.551
2763.4932,100.552
2764.4573,100.555
2765.4216,100.559
2766.3857,100.562
2767.3501,100.565
2768.3142,100.567
2769.2786,100.568
2770.2427,100.569
2771.2070,100.568
2772.1711,100.566
2773.1355,100.565
2774.0996,100.565
2775.0640,100.567
2776.0281,100.569
2776.9924,100.571
2777.9565,100.572
2778.9209,100.571
2779.8850,100.57
2780.8494,100.57
2781.8135,100.571
2782.7778,100.572
2783.7419,100.572
2784.7063,100.571
2785.6704,100.569
2786.6348,100.567
2787.5989,100.567
2788.5632,100.57
2789.5273,100.574
2790.4917,100.578
2791.4558,100.578
2792.4202,100.575
2793.3843,100.57
2794.3486,100.565
2795.3127,100.563
2796.2771,100.562
2797.2412,100.562
2798.2056,100.56
2799.1697,100.557
2800.1340,100.552
2801.0981,100.548
2802.0625,100.545
2803.0266,100.546
2803.9910,100.55
2804.9551,100.555
2805.9194,100.56
2806.8835,100.563
2807.8479,100.564
2808.8120,100.564
2809.7764,100.564
2810.7405,100.564
2811.7048,100.566
2812.6689,100.567
2813.6333,100.568
2814.5974,100.568
2815.5618,100.568
2816.5259,100.567
2817.4902,100.566
2818.4543,100.566
2819.4187,100.566
2820.3828,100.566
2821.3472,100.564
2822.3113,100.561
2823.2756,100.558
2824.2397,100.555
2825.2041,100.555
2826.1682,100.558
2827.1326,100.562
2828.0967,100.566
2829.0610,100.567
2830.0251,100.566
2830.9895,100.563
2831.9536,100.559
2832.9180,100.557
2833.8821,100.557
2834.8464,100.558
2835.8105,100.559
2836.7749,100.558
2837.7390,100.557
2838.7034,100.555
2839.6675,100.556
2840.6318,100.556
2841.5959,100.553
2842.5603,100.545
2843.5244,100.531
2844.4888,100.512
2845.4529,100.49
2846.4172,100.469
2847.3813,100.451
2848.3457,100.438
2849.3098,100.43
2850.2742,100.425
2851.2383,100.424
2852.2026,100.423
2853.1667,100.421
2854.1311,100.417
2855.0952,100.411
2856.0596,100.406
2857.0237,100.403
2857.9880,100.403
2858.9521,100.406
2859.9165,100.411
2860.8806,100.416
2861.8450,100.42
2862.8091,100.421
2863.7734,100.422
2864.7375,100.422
2865.7019,100.421
2866.6660,100.42
2867.6304,100.419
2868.5945,100.417
2869.5588,100.416
2870.5229,100.415
2871.4873,100.414
2872.4514,100.414
2873.4158,100.414
2874.3799,100.411
2875.3442,100.406
2876.3083,100.398
2877.2727,100.388
2878.2368,100.376
2879.2012,100.365
2880.1653,100.356
2881.1296,100.348
2882.0938,100.343
2883.0581,100.338
2884.0222,100.333
2884.9866,100.328
2885.9507,100.322
2886.9150,100.316
2887.8792,100.312
2888.8435,100.31
2889.8076,100.309
2890.7720,100.309
2891.7361,100.309
2892.7004,100.307
2893.6646,100.303
2894.6289,100.296
2895.5930,100.287
2896.5574,100.275
2897.5215,100.262
2898.4858,100.248
2899.4500,100.233
2900.4143,100.216
2901.3784,100.197
2902.3428,100.177
2903.3069,100.157
2904.2712,100.138
2905.2354,100.124
2906.1997,100.115
2907.1638,100.114
2908.1282,100.117
2909.0923,100.125
2910.0566,100.135
2911.0208,100.147
2911.9851,100.16
2912.9492,100.176
2913.9136,100.193
2914.8777,100.212
2915.8420,100.232
2916.8062,100.252
2917.7705,100.272
2918.7346,100.292
2919.6990,100.311
2920.6631,100.329
2921.6274,100.344
2922.5916,100.356
2923.5559,100.365
2924.5200,100.37
2925.4844,100.372
2926.4485,100.374
2927.4128,100.378
2928.3770,100.387
2929.3413,100.401
2930.3054,100.418
2931.2698,100.437
2932.2339,100.451
2933.1982,100.459
2934.1624,100.459
2935.1267,100.45
2936.0908,100.433
2937.0552,100.41
2938.0193,100.385
2938.9836,100.359
2939.9478,100.334
2940.9121,100.312
2941.8762,100.292
2942.8406,100.273
2943.8047,100.251
2944.7690,100.225
2945.7332,100.196
2946.6975,100.163
2947.6616,100.128
2948.6260,100.092
2949.5901,100.055
2950.5544,100.018
2951.5186,99.9811
2952.4829,99.9449
2953.4470,99.9107
2954.4114,99.8799
2955.3755,99.8532
2956.3398,99.8305
2957.3040,99.8111
2958.2683,99.7937
2959.2324,99.7768
2960.1968,99.7588
2961.1609,99.739
2962.1252,99.7179
2963.0894,99.6977
2964.0537,99.6818
2965.0178,99.6736
2965.9822,99.6745
2966.9463,99.6833
2967.9106,99.6965
2968.8748,99.7099
2969.8391,99.7213
2970.8032,99.7315
2971.7676,99.7437
2972.7317,99.762
2973.6960,99.7885
2974.6602,99.8226
2975.6245,99.8616
2976.5886,99.9014
2977.5530,99.9394
2978.5171,99.9744
2979.4814,100.007
2980.4456,100.039
2981.4099,100.071
2982.3740,100.105
2983.3384,100.14
2984.3025,100.177
2985.2668,100.212
2986.2310,100.245
2987.1953,100.272
2988.1594,100.295
2989.1238,100.313
2990.0879,100.33
2991.0522,100.348
2992.0164,100.368
2992.9807,100.391
2993.9448,100.414
2994.9092,100.436
2995.8733,100.456
2996.8376,100.473
2997.8018,100.487
2998.7661,100.497
2999.7302,100.505
3000.6946,100.511
3001.6587,100.518
3002.6230,100.526
3003.5872,100.537
3004.5515,100.55
3005.5156,100.566
3006.4800,100.582
3007.4441,100.597
3008.4084,100.612
3009.3726,100.625
3010.3369,100.638
3011.3010,100.651
3012.2654,100.665
3013.2295,100.681
3014.1938,100.701
3015.1580,100.722
3016.1223,100.744
3017.0864,100.764
3018.0508,100.779
3019.0149,100.789
3019.9792,100.796
3020.9434,100.804
3021.9077,100.813
3022.8718,100.825
3023.8362,100.839
3024.8003,100.854
3025.7646,100.87
3026.7288,100.886
3027.6931,100.904
3028.6572,100.921
3029.6216,100.937
3030.5857,100.948
3031.5500,100.955
3032.5142,100.958
3033.4785,100.96
3034.4426,100.963
3035.4070,100.969
3036.3711,100.975
3037.3354,100.981
3038.2996,100.983
3039.2639,100.982
3040.2280,100.976
3041.1924,100.967
3042.1565,100.956
3043.1208,100.945
3044.0850,100.936
3045.0493,100.929
3046.0134,100.921
3046.9778,100.91
3047.9419,100.894
3048.9063,100.872
3049.8704,100.844
3050.8347,100.815
3051.7988,100.791
3052.7632,100.776
3053.7273,100.772
3054.6917,100.778
3055.6558,100.789
3056.6201,100.8
3057.5842,100.81
3058.5486,100.815
3059.5127,100.818
3060.4771,100.821
3061.4412,100.826
3062.4055,100.834
3063.3696,100.843
3064.3340,100.852
3065.2981,100.859
3066.2625,100.861
3067.2266,100.858
3068.1909,100.85
3069.1550,100.84
3070.1194,100.83
3071.0835,100.824
3072.0479,100.821
3073.0120,100.824
3073.9763,100.832
3074.9404,100.842
3075.9048,100.852
3076.8689,100.861
3077.8333,100.867
3078.7974,100.87
3079.7617,100.871
3080.7258,100.872
3081.6902,100.875
3082.6543,100.881
3083.6187,100.888
3084.5828,100.896
3085.5471,100.904
3086.5112,100.911
3087.4756,100.918
3088.4397,100.925
3089.4041,100.934
3090.3682,100.946
3091.3325,100.96
3092.2966,100.975
3093.2610,100.989
3094.2251,100.998
3095.1895,101.002
3096.1536,101.001
3097.1179,100.995
3098.0820,100.988
3099.0464,100.983
3100.0105,100.981
3100.9749,100.982
3101.9390,100.984
3102.9033,100.986
3103.8674,100.987
3104.8318,100.989
3105.7959,100.992
3106.7603,100.997
3107.7244,101.002
3108.6887,101.007
3109.6528,101.009
3110.6172,101.009
3111.5813,101.011
3112.5457,101.019
3113.5098,101.035
3114.4741,101.058
3115.4382,101.082
3116.4026,101.102
3117.3667,101.113
3118.3311,101.116
3119.2952,101.114
3120.2595,101.113
3121.2236,101.118
3122.1880,101.128
3123.1521,101.141
3124.1165,101.151
3125.0806,101.155
3126.0449,101.154
3127.0090,101.15
3127.9734,101.145
3128.9375,101.142
3129.9019,101.141
3130.8660,101.142
3131.8303,101.144
3132.7944,101.148
3133.7588,101.153
3134.7229,101.158
3135.6873,101.165
3136.6514,101.171
3137.6157,101.177
3138.5798,101.181
3139.5442,101.185
3140.5083,101.188
3141.4727,101.193
3142.4368,101.199
3143.4011,101.205
3144.3652,101.212
3145.3296,101.217
3146.2937,101.22
3147.2581,101.223
3148.2222,101.227
3149.1865,101.233
3150.1506,101.241
3151.1150,101.247
3152.0791,101.25
3153.0435,101.25
3154.0076,101.246
3154.9719,101.241
3155.9360,101.237
3156.9004,101.235
3157.8645,101.237
3158.8289,101.24
3159.7930,101.243
3160.7573,101.247
3161.7214,101.251
3162.6858,101.258
3163.6499,101.268
3164.6143,101.28
3165.5784,101.293
3166.5427,101.301
3167.5068,101.302
3168.4712,101.295
3169.4353,101.282
3170.3997,101.268
3171.3638,101.255
3172.3281,101.249
3173.2922,101.249
3174.2566,101.255
3175.2207,101.265
3176.1851,101.279
3177.1492,101.293
3178.1135,101.304
3179.0776,101.309
3180.0420,101.307
3181.0061,101.3
3181.9705,101.293
3182.9346,101.288
3183.8989,101.287
3184.8630,101.292
3185.8274,101.3
3186.7915,101.307
3187.7559,101.31
3188.7200,101.309
3189.6843,101.305
3190.6484,101.301
3191.6128,101.299
3192.5769,101.303
3193.5413,101.311
3194.5054,101.32
3195.4697,101.325
3196.4338,101.322
3197.3982,101.312
3198.3623,101.301
3199.3267,101.293
3200.2908,101.293
3201.2551,101.301
3202.2192,101.314
3203.1836,101.327
3204.1477,101.338
3205.1121,101.345
3206.0762,101.35
3207.0405,101.352
3208.0046,101.352
3208.9690,101.349
3209.9331,101.344
3210.8975,101.336
3211.8616,101.329
3212.8259,101.323
3213.7900,101.32
3214.7544,101.318
3215.7185,101.318
3216.6829,101.321
3217.6470,101.327
3218.6113,101.335
3219.5754,101.343
3220.5398,101.35
3221.5039,101.353
3222.4683,101.352
3223.4324,101.349
3224.3967,101.346
3225.3608,101.344
3226.3252,101.344
3227.2893,101.342
3228.2537,101.34
3229.2178,101.337
3230.1821,101.336
3231.1462,101.338
3232.1106,101.344
3233.0747,101.352
3234.0391,101.36
3235.0032,101.368
3235.9675,101.372
3236.9316,101.373
3237.8960,101.373
3238.8601,101.37
3239.8245,101.369
3240.7886,101.369
3241.7529,101.373
3242.7170,101.38
3243.6814,101.388
3244.6455,101.395
3245.6099,101.396
3246.5740,101.391
3247.5383,101.382
3248.5024,101.374
3249.4668,101.369
3250.4309,101.372
3251.3953,101.383
3252.3594,101.399
3253.3237,101.416
3254.2878,101.428
3255.2522,101.432
3256.2163,101.426
3257.1807,101.412
3258.1448,101.394
3259.1091,101.379
3260.0732,101.369
3261.0376,101.368
3262.0017,101.373
3262.9661,101.381
3263.9302,101.39
3264.8945,101.396
3265.8586,101.4
3266.8230,101.404
3267.7871,101.407
3268.7515,101.41
3269.7156,101.41
3270.6799,101.407
3271.6440,101.401
3272.6084,101.396
3273.5725,101.394
3274.5369,101.398
3275.5010,101.408
3276.4653,101.421
3277.4294,101.434
3278.3938,101.442
3279.3579,101.445
3280.3223,101.442
3281.2864,101.435
3282.2507,101.426
3283.2148,101.418
3284.1792,101.411
3285.1433,101.404
3286.1077,101.398
3287.0718,101.393
3288.0361,101.391
3289.0002,101.392
3289.9646,101.397
3290.9287,101.406
3291.8931,101.417
3292.8572,101.428
3293.8215,101.438
3294.7856,101.443
3295.7500,101.443
3296.7141,101.439
3297.6785,101.432
3298.6426,101.424
3299.6069,101.417
3300.5710,101.413
3301.5354,101.412
3302.4995,101.416
3303.4639,101.423
3304.4280,101.434
3305.3923,101.446
3306.3564,101.457
3307.3208,101.466
3308.2849,101.47
3309.2493,101.47
3310.2134,101.468
3311.1777,101.466
3312.1418,101.465
3313.1062,101.465
3314.0703,101.466
3315.0347,101.467
3315.9988,101.468
3316.9631,101.469
3317.9272,101.471
3318.8916,101.471
3319.8557,101.469
3320.8201,101.466
3321.7842,101.463
3322.7485,101.463
3323.7126,101.467
3324.6770,101.474
3325.6411,101.481
3326.6055,101.483
3327.5696,101.477
3328.5339,101.465
3329.4980,101.448
3330.4624,101.431
3331.4265,101.419
3332.3909,101.413
3333.3550,101.413
3334.3193,101.418
3335.2834,101.429
3336.2478,101.441
3337.2119,101.454
3338.1763,101.465
3339.1404,101.473
3340.1047,101.476
3341.0688,101.476
3342.0332,101.474
3342.9973,101.47
3343.9617,101.465
3344.9258,101.461
3345.8901,101.459
3346.8542,101.461
3347.8186,101.467
3348.7827,101.479
3349.7471,101.492
3350.7112,101.504
3351.6755,101.511
3352.6396,101.511
3353.6040,101.505
3354.5681,101.495
3355.5325,101.488
3356.4966,101.486
3357.4609,101.491
3358.4250,101.501
3359.3894,101.51
3360.3535,101.516
3361.3179,101.516
3362.2820,101.513
3363.2463,101.51
3364.2104,101.511
3365.1748,101.518
3366.1389,101.529
3367.1033,101.542
3368.0674,101.554
3369.0317,101.562
3369.9958,101.564
3370.9602,101.559
3371.9243,101.549
3372.8887,101.536
3373.8528,101.524
3374.8171,101.515
3375.7813,101.513
3376.7456,101.516
3377.7097,101.522
3378.6741,101.529
3379.6382,101.534
3380.6025,101.536
3381.5667,101.537
3382.5310,101.536
3383.4951,101.535
3384.4595,101.534
3385.4236,101.532
3386.3879,101.532
3387.3521,101.534
3388.3164,101.539
3389.2805,101.547
3390.2449,101.555
3391.2090,101.561
3392.1733,101.56
3393.1375,101.553
3394.1018,101.543
3395.0659,101.533
3396.0303,101.529
3396.9944,101.533
3397.9587,101.544
3398.9229,101.558
3399.8872,101.569
3400.8513,101.572
3401.8157,101.564
3402.7798,101.545
3403.7441,101.518
3404.7083,101.489
3405.6726,101.464
3406.6367,101.447
3407.6011,101.441
3408.5652,101.446
3409.5295,101.457
3410.4937,101.471
3411.4580,101.483
3412.4221,101.485
3413.3865,101.475
3414.3506,101.45
3415.3149,101.417
3416.2791,101.383
3417.2434,101.357
3418.2075,101.345
3419.1719,101.346
3420.1360,101.355
3421.1003,101.362
3422.0645,101.361
3423.0288,101.351
3423.9929,101.336
3424.9573,101.322
3425.9214,101.315
3426.8857,101.317
3427.8499,101.327
3428.8142,101.34
3429.7783,101.351
3430.7427,101.359
3431.7068,101.365
3432.6711,101.372
3433.6353,101.384
3434.5996,101.398
3435.5637,101.414
3436.5281,101.426
3437.4922,101.434
3438.4565,101.437
3439.4207,101.437
3440.3850,101.437
3441.3491,101.44
3442.3135,101.447
3443.2776,101.461
3444.2419,101.482
3445.2061,101.506
3446.1704,101.528
3447.1345,101.544
3448.0989,101.549
3449.0630,101.547
3450.0273,101.542
3450.9915,101.54
3451.9558,101.541
3452.9199,101.546
3453.8843,101.55
3454.8484,101.553
3455.8127,101.557
3456.7769,101.566
3457.7412,101.583
3458.7053,101.607
3459.6697,101.633
3460.6338,101.654
3461.5981,101.664
3462.5623,101.66
3463.5266,101.648
3464.4907,101.633
3465.4551,101.622
3466.4192,101.617
3467.3835,101.618
3468.3477,101.623
3469.3120,101.629
3470.2761,101.637
3471.2405,101.647
3472.2046,101.66
3473.1689,101.673
3474.1331,101.683
3475.0974,101.687
3476.0615,101.685
3477.0259,101.682
3477.9900,101.683
3478.9543,101.689
3479.9185,101.699
3480.8828,101.709
3481.8469,101.713
3482.8113,101.71
3483.7754,101.705
3484.7397,101.703
3485.7039,101.705
3486.6682,101.709
3487.6323,101.709
3488.5967,101.701
3489.5608,101.685
3490.5251,101.668
3491.4893,101.658
3492.4536,101.66
3493.4177,101.674
3494.3821,101.693
3495.3462,101.705
3496.3105,101.706
3497.2747,101.699
3498.2390,101.693
3499.2031,101.698
3500.1675,101.718
3501.1316,101.748
3502.0959,101.773
3503.0601,101.78
3504.0244,101.765
3504.9885,101.736
3505.9529,101.708
3506.9170,101.696
3507.8813,101.701
3508.8455,101.718
3509.8098,101.735
3510.7739,101.739
3511.7383,101.73
3512.7024,101.713
3513.6667,101.696
3514.6309,101.686
3515.5952,101.682
3516.5593,101.681
3517.5237,101.68
3518.4878,101.678
3519.4521,101.678
3520.4163,101.683
3521.3806,101.693
3522.3447,101.706
3523.3091,101.719
3524.2732,101.731
3525.2375,101.744
3526.2017,101.756
3527.1660,101.767
3528.1301,101.771
3529.0945,101.763
3530.0586,101.743
3531.0229,101.718
3531.9871,101.696
3532.9514,101.684
3533.9155,101.683
3534.8799,101.69
3535.8440,101.695
3536.8083,101.69
3537.7725,101.672
3538.7368,101.645
3539.7009,101.617
3540.6653,101.6
3541.6294,101.603
3542.5938,101.629
3543.5579,101.673
3544.5222,101.718
3545.4863,101.744
3546.4507,101.741
3547.4148,101.718
3548.3792,101.693
3549.3433,101.683
3550.3076,101.696
3551.2717,101.725
3552.2361,101.752
3553.2002,101.759
3554.1646,101.743
3555.1287,101.713
3556.0930,101.684
3557.0571,101.668
3558.0215,101.667
3558.9856,101.674
3559.9500,101.676
3560.9141,101.67
3561.8784,101.662
3562.8425,101.671
3563.8069,101.712
3564.7710,101.793
3565.7354,101.893
3566.6995,101.967
3567.6638,101.977
3568.6279,101.925
3569.5923,101.847
3570.5564,101.781
3571.5208,101.747
3572.4849,101.748
3573.4492,101.772
3574.4133,101.805
3575.3777,101.829
3576.3418,101.841
3577.3062,101.84
3578.2703,101.831
3579.2346,101.813
3580.1987,101.786
3581.1631,101.75
3582.1272,101.719
3583.0916,101.708
3584.0557,101.732
3585.0200,101.797
3585.9841,101.883
3586.9485,101.948
3587.9126,101.953
3588.8770,101.901
3589.8411,101.826
3590.8054,101.768
3591.7695,101.745
3592.7339,101.76
3593.6980,101.799
3594.6624,101.842
3595.6265,101.875
3596.5908,101.895
3597.5549,101.911
3598.5193,101.925
3599.4834,101.928
3600.4478,101.909
3601.4119,101.864
3602.3762,101.807
3603.3403,101.756
3604.3047,101.731
3605.2688,101.737
3606.2332,101.768
3607.1973,101.808
3608.1616,101.841
3609.1257,101.862
3610.0901,101.876
3611.0542,101.889
3612.0186,101.899
3612.9827,101.903
3613.9470,101.9
3614.9111,101.9
3615.8755,101.92
3616.8396,101.969
3617.8040,102.038
3618.7681,102.092
3619.7324,102.088
3620.6965,102.013
3621.6609,101.892
3622.6250,101.767
3623.5894,101.673
3624.5535,101.633
3625.5178,101.665
3626.4819,101.773
3627.4463,101.933
3628.4104,102.076
3629.3748,102.13
3630.3389,102.09
3631.3032,102.008
3632.2673,101.931
3633.2317,101.884
3634.1958,101.864
3635.1602,101.86
3636.1243,101.861
3637.0886,101.859
3638.0527,101.852
3639.0171,101.842
3639.9812,101.825
3640.9456,101.798
3641.9097,101.76
3642.8740,101.719
3643.8381,101.694
3644.8025,101.715
3645.7666,101.813
3646.7310,102.012
3647.6951,102.282
3648.6594,102.499
3649.6235,102.535
3650.5879,102.402
3651.5520,102.215
3652.5164,102.065
3653.4805,101.991
3654.4448,101.992
3655.4089,102.044
3656.3733,102.102
3657.3374,102.126
3658.3018,102.108
3659.2659,102.066
3660.2302,102.022
3661.1943,101.985
3662.1587,101.95
3663.1228,101.908
3664.0872,101.864
3665.0513,101.835
3666.0156,101.843
3666.9797,101.904
3667.9441,102.008
3668.9082,102.111
3669.8726,102.166
3670.8367,102.168
3671.8010,102.162
3672.7651,102.205
3673.7295,102.323
3674.6936,102.49
3675.6580,102.621
3676.6221,102.637
3677.5864,102.544
3678.5505,102.406
3679.5149,102.277
3680.4790,102.176
3681.4434,102.1
3682.4075,102.04
3683.3718,101.995
3684.3359,101.975
3685.3003,101.999
3686.2644,102.085
3687.2288,102.236
3688.1929,102.414
3689.1572,102.54
3690.1213,102.548
3691.0857,102.454
3692.0498,102.324
3693.0142,102.21
3693.9783,102.131
3694.9426,102.084
3695.9067,102.058
3696.8711,102.044
3697.8352,102.042
3698.7996,102.059
3699.7637,102.097
3700.7280,102.143
3701.6921,102.17
3702.6565,102.155
3703.6206,102.099
3704.5850,102.027
3705.5491,101.973
3706.5134,101.968
3707.4775,102.037
3708.4419,102.186
3709.4060,102.39
3710.3704,102.574
3711.3345,102.645
3712.2988,102.571
3713.2629,102.41
3714.2273,102.238
3715.1914,102.104
3716.1558,102.028
3717.1199,102.01
3718.0842,102.04
3719.0483,102.096
3720.0127,102.157
3720.9768,102.203
3721.9412,102.23
3722.9053,102.239
3723.8696,102.228
3724.8337,102.194
3725.7981,102.134
3726.7622,102.059
3727.7266,101.989
3728.6907,101.944
3729.6550,101.944
3730.6191,102
3731.5835,102.114
3732.5476,102.275
3733.5120,102.45
3734.4761,102.58
3735.4404,102.609
3736.4045,102.534
3737.3689,102.399
3738.3330,102.257
3739.2974,102.145
3740.2615,102.085
3741.2258,102.095
3742.1899,102.178
3743.1543,102.31
3744.1184,102.426
3745.0828,102.467
3746.0469,102.446
3747.0112,102.426
3747.9753,102.467
3748.9397,102.587
3749.9038,102.745
3750.8682,102.836
3751.8323,102.785
3752.7966,102.633
3753.7607,102.475
3754.7251,102.375
3755.6892,102.356
3756.6536,102.404
3757.6177,102.478
3758.5820,102.522
3759.5461,102.5
3760.5105,102.421
3761.4746,102.324
3762.4390,102.249
3763.4031,102.212
3764.3674,102.213
3765.3315,102.243
3766.2959,102.288
3767.2600,102.338
3768.2244,102.383
3769.1885,102.41
3770.1528,102.405
3771.1169,102.359
3772.0813,102.283
3773.0454,102.201
3774.0098,102.144
3774.9739,102.134
3775.9382,102.177
3776.9023,102.26
3777.8667,102.349
3778.8308,102.403
3779.7952,102.405
3780.7593,102.37
3781.7236,102.332
3782.6877,102.314
3783.6521,102.317
3784.6162,102.332
3785.5806,102.341
3786.5447,102.334
3787.5090,102.31
3788.4731,102.276
3789.4375,102.239
3790.4016,102.209
3791.3660,102.194
3792.3301,102.198
3793.2944,102.222
3794.2585,102.257
3795.2229,102.291
3796.1870,102.319
3797.1514,102.35
3798.1155,102.401
3799.0798,102.486
3800.0439,102.588
3801.0083,102.665
3801.9724,102.681
3802.9368,102.644
3803.9009,102.601
3804.8652,102.589
3805.8293,102.613
3806.7937,102.636
3807.7578,102.607
3808.7222,102.51
3809.6863,102.377
3810.6506,102.262
3811.6147,102.202
3812.5791,102.212
3813.5432,102.282
3814.5076,102.375
3815.4717,102.449
3816.4360,102.491
3817.4001,102.526
3818.3645,102.587
3819.3286,102.679
3820.2930,102.766
3821.2571,102.795
3822.2214,102.749
3823.1855,102.661
3824.1499,102.576
3825.1140,102.52
3826.0784,102.495
3827.0425,102.487
3828.0068,102.482
3828.9709,102.471
3829.9353,102.455
3830.8994,102.435
3831.8638,102.413
3832.8279,102.394
3833.7922,102.386
3834.7563,102.406
3835.7207,102.469
3836.6848,102.576
3837.6492,102.7
3838.6133,102.798
3839.5776,102.839
3840.5417,102.823
3841.5061,102.774
3842.4702,102.708
3843.4346,102.631
3844.3987,102.537
3845.3630,102.43
3846.3271,102.321
3847.2915,102.232
3848.2556,102.188
3849.2200,102.213
3850.1841,102.333
3851.1484,102.563
3852.1125,102.862
3853.0769,103.092
3854.0410,103.112
3855.0054,102.948
3855.9695,102.729
3856.9338,102.542
3857.8979,102.417
3858.8623,102.362
3859.8264,102.376
3860.7908,102.445
3861.7549,102.539
3862.7192,102.608
3863.6833,102.613
3864.6477,102.555
3865.6118,102.476
3866.5762,102.424
3867.5403,102.429
3868.5046,102.496
3869.4688,102.602
3870.4331,102.705
3871.3972,102.76
3872.3616,102.745
3873.3257,102.67
3874.2900,102.567
3875.2542,102.469
3876.2185,102.404
3877.1826,102.387
3878.1470,102.415
3879.1111,102.467
3880.0754,102.516
3881.0396,102.54
3882.0039,102.541
3882.9680,102.535
3883.9324,102.53
3884.8965,102.52
3885.8608,102.493
3886.8250,102.458
3887.7893,102.437
3888.7534,102.457
3889.7178,102.522
3890.6819,102.604
3891.6462,102.646
3892.6104,102.609
3893.5747,102.505
3894.5388,102.386
3895.5032,102.301
3896.4673,102.273
3897.4316,102.303
3898.3958,102.371
3899.3601,102.452
3900.3242,102.529
3901.2886,102.599
3902.2527,102.665
3903.2170,102.714
3904.1812,102.726
3905.1455,102.69
3906.1096,102.621
3907.0740,102.543
3908.0381,102.476
3909.0024,102.431
3909.9666,102.403
3910.9309,102.386
3911.8950,102.377
3912.8594,102.376
3913.8235,102.39
3914.7878,102.422
3915.7520,102.467
3916.7163,102.505
3917.6804,102.52
3918.6448,102.506
3919.6089,102.481
3920.5732,102.465
3921.5374,102.474
3922.5017,102.505
3923.4658,102.54
3924.4302,102.555
3925.3943,102.539
3926.3586,102.504
3927.3228,102.471
3928.2871,102.461
3929.2512,102.48
3930.2156,102.519
3931.1797,102.556
3932.1440,102.569
3933.1082,102.553
3934.0725,102.518
3935.0366,102.478
3936.0010,102.445
3936.9651,102.426
3937.9294,102.423
3938.8936,102.436
3939.8579,102.462
3940.8220,102.492
3941.7864,102.512
3942.7505,102.513
3943.7148,102.495
3944.6790,102.471
3945.6433,102.458
3946.6074,102.469
3947.5718,102.502
3948.5359,102.544
3949.5002,102.576
3950.4644,102.586
3951.4287,102.574
3952.3928,102.552
3953.3572,102.531
3954.3213,102.517
3955.2856,102.511
3956.2498,102.509
3957.2141,102.51
3958.1782,102.516
3959.1426,102.529
3960.1067,102.544
3961.0710,102.556
3962.0352,102.557
3962.9995,102.543
3963.9636,102.52
3964.9280,102.496
3965.8921,102.481
3966.8564,102.48
3967.8206,102.492
3968.7849,102.512
3969.7490,102.536
3970.7134,102.56
3971.6775,102.583
3972.6418,102.602
3973.6060,102.613
3974.5703,102.613
3975.5344,102.6
3976.4988,102.58
3977.4629,102.561
3978.4272,102.55
3979.3914,102.55
3980.3557,102.558
3981.3198,102.568
3982.2842,102.572
3983.2483,102.568
3984.2126,102.559
3985.1768,102.551
3986.1411,102.549
3987.1052,102.553
3988.0696,102.56
3989.0337,102.567
3989.9980,102.57
3990.9622,102.569
3991.9265,102.565
3992.8906,102.562
3993.8550,102.561
3994.8191,102.562
3995.7834,102.565
3996.7476,102.57
3997.7119,102.58
3998.6760,102.593
3999.6404,102.608
4000.6045,102.619
