TITLE SAMPLE NAME:,Polyethylene High Density  (commerced packaging)
DATA TYPE:,Infrared Spectrum
MEASUREMENT INFORMATION:,Spectrophotometer
MODEL NAME:,FT/IR ATR-4X JASSCO Type A
SERIAL No:,A009662111
ACCESSORY:,ATR PRO 4x
LIGHT SOURCE:,DLATGS Standard
RESOLUTION:,4 cm-1
XUNITS/ HORIZONTAL AXIS:,Wavenumber [cm-1]
YUNITS/ VERTICAL AXIS:,Transmittance %T
FIRSTX:,399
FIRSTY:,0
LASTX:,4000
LASTY:,120
NPOINTS:,3751
399.1927,90.5283
400.1569,91.3942
401.1211,92.2388
402.0854,92.8475
403.0496,93.1505
404.0138,93.1854
404.9781,93.054
405.9423,92.8774
406.9065,92.749
407.8708,92.7053
408.8350,92.7333
409.7992,92.7996
410.7635,92.8709
411.7277,92.9121
412.6919,92.8726
413.6562,92.685
414.6204,92.2814
415.5846,91.6219
416.5489,90.7405
417.5131,89.8073
418.4773,89.1252
419.4416,88.9355
420.4058,89.1877
421.3700,89.6227
422.3343,90.0274
423.2985,90.331
424.2627,90.5526
425.2270,90.7288
426.1912,90.8716
427.1554,90.9661
428.1197,90.9949
429.0839,90.9605
430.0481,90.8866
431.0124,90.8028
431.9766,90.7286
432.9408,90.6733
433.9051,90.65
434.8693,90.6871
435.8335,90.8184
436.7978,91.0569
437.7620,91.3751
438.7262,91.7133
439.6905,92.0104
440.6547,92.2327
441.6189,92.3875
442.5832,92.5165
443.5474,92.6707
444.5116,92.8821
445.4759,93.1461
446.4401,93.4282
447.4043,93.6835
448.3686,93.8772
449.3328,93.9978
450.2970,94.0599
451.2613,94.0933
452.2255,94.1233
453.1897,94.1537
454.1540,94.1662
455.1182,94.1396
456.0824,94.0757
457.0467,94.0149
458.0109,94.0206
458.9751,94.1334
459.9394,94.3374
460.9036,94.5753
461.8678,94.7937
462.8321,94.9727
463.7963,95.1248
464.7605,95.2701
465.7248,95.4053
466.6890,95.4886
467.6532,95.4573
468.6175,95.2684
469.5817,94.9386
470.5459,94.5596
471.5102,94.2729
472.4744,94.2029
473.4386,94.3813
474.4029,94.7282
475.3671,95.1069
476.3313,95.3998
477.2956,95.5505
478.2598,95.5627
479.2240,95.4757
480.1883,95.3359
481.1525,95.1792
482.1167,95.0296
483.0810,94.9063
484.0452,94.8265
485.0094,94.799
485.9737,94.8137
486.9379,94.8425
487.9021,94.8523
488.8664,94.8222
489.8306,94.7531
490.7948,94.6667
491.7591,94.5936
492.7233,94.5564
493.6875,94.5567
494.6518,94.5741
495.6160,94.5747
496.5802,94.5256
497.5445,94.4062
498.5087,94.2157
499.4729,93.9752
500.4372,93.7243
501.4014,93.5086
502.3656,93.3615
503.3299,93.2902
504.2941,93.2757
505.2583,93.2869
506.2226,93.2981
507.1868,93.2981
508.1510,93.2886
509.1153,93.2751
510.0795,93.2562
511.0437,93.2176
512.0080,93.1352
512.9722,92.9854
513.9365,92.7601
514.9007,92.4798
515.8649,92.1979
516.8292,91.9889
517.7934,91.9149
518.7576,91.987
519.7219,92.1513
520.6861,92.3157
521.6503,92.3984
522.6146,92.3627
523.5788,92.2273
524.5430,92.0529
525.5073,91.9138
526.4715,91.8602
527.4357,91.8938
528.4000,91.974
529.3642,92.0482
530.3284,92.0799
531.2927,92.0594
532.2569,91.9994
533.2211,91.9212
534.1854,91.8438
535.1496,91.7774
536.1138,91.7236
537.0781,91.6792
538.0423,91.6385
539.0065,91.595
539.9708,91.5428
540.9350,91.4783
541.8992,91.4016
542.8635,91.317
543.8277,91.2301
544.7919,91.1454
545.7562,91.066
546.7204,90.9954
547.6846,90.9398
548.6489,90.9078
549.6131,90.9058
550.5773,90.9328
551.5416,90.978
552.5058,91.025
553.4700,91.0593
554.4343,91.0749
555.3985,91.0753
556.3627,91.0686
557.3270,91.0609
558.2912,91.0529
559.2554,91.0416
560.2197,91.0242
561.1839,90.9988
562.1481,90.9618
563.1124,90.9059
564.0766,90.8223
565.0408,90.7088
566.0051,90.577
566.9693,90.4533
567.9335,90.3676
568.8978,90.3362
569.8620,90.3497
570.8262,90.3769
571.7905,90.3818
572.7547,90.342
573.7189,90.2579
574.6832,90.1484
575.6474,90.0376
576.6116,89.942
577.5759,89.8649
578.5401,89.8009
579.5043,89.7448
580.4686,89.6975
581.4328,89.6661
582.3970,89.6581
583.3613,89.6753
584.3255,89.7102
585.2897,89.7456
586.2540,89.7597
587.2182,89.7334
588.1824,89.6584
589.1467,89.5444
590.1109,89.4195
591.0751,89.3218
592.0394,89.2825
593.0036,89.3089
593.9678,89.3793
594.9321,89.454
595.8963,89.4967
596.8605,89.491
597.8248,89.4457
598.7890,89.3869
599.7532,89.3422
600.7175,89.3266
601.6817,89.3372
602.6459,89.3583
603.6102,89.3718
604.5744,89.3655
605.5386,89.3364
606.5029,89.2886
607.4671,89.2307
608.4313,89.1721
609.3956,89.1196
610.3598,89.0728
611.3240,89.0221
612.2883,88.9506
613.2525,88.8424
614.2167,88.6941
615.1810,88.523
616.1452,88.3652
617.1094,88.2599
618.0737,88.2268
619.0379,88.2532
620.0021,88.3004
620.9664,88.3264
621.9306,88.3067
622.8948,88.2422
623.8591,88.1524
624.8233,88.0606
625.7875,87.98
626.7518,87.9091
627.7160,87.8377
628.6802,87.7565
629.6445,87.6626
630.6087,87.5594
631.5729,87.4514
632.5372,87.3421
633.5014,87.233
634.4656,87.1262
635.4299,87.0245
636.3941,86.9306
637.3583,86.8457
638.3226,86.7687
639.2868,86.6979
640.2510,86.6324
641.2153,86.5717
642.1795,86.5135
643.1437,86.4523
644.1080,86.3794
645.0722,86.2872
646.0364,86.1738
647.0007,86.0468
647.9649,85.9224
648.9291,85.8193
649.8934,85.7492
650.8576,85.7108
651.8218,85.6902
652.7861,85.6696
653.7503,85.6363
654.7145,85.5886
655.6788,85.534
656.6430,85.4829
657.6072,85.4444
658.5715,85.4263
659.5357,85.438
660.4999,85.4869
661.4642,85.5668
662.4284,85.6479
663.3926,85.6773
664.3569,85.586
665.3211,85.2971
666.2853,84.7535
667.2496,84.0137
668.2138,83.3676
669.1780,83.1737
670.1423,83.453
671.1065,83.9306
672.0707,84.3686
673.0350,84.6656
673.9992,84.8075
674.9634,84.824
675.9277,84.7671
676.8919,84.689
677.8561,84.6218
678.8204,84.5743
679.7846,84.5441
680.7488,84.5304
681.7131,84.5355
682.6773,84.5597
683.6415,84.5971
684.6058,84.6378
685.5700,84.6745
686.5342,84.7073
687.4985,84.7442
688.4627,84.796
689.4269,84.8689
690.3912,84.9596
691.3554,85.0547
692.3196,85.1369
693.2839,85.1933
694.2481,85.2218
695.2123,85.2304
696.1766,85.2312
697.1408,85.2329
698.1050,85.2367
699.0693,85.2372
700.0335,85.2244
700.9977,85.1865
701.9620,85.1115
702.9262,84.9909
703.8904,84.8228
704.8547,84.6097
705.8189,84.3497
706.7831,84.0263
707.7474,83.6091
708.7116,83.0653
709.6758,82.3706
710.6401,81.4975
711.6043,80.3811
712.5685,78.8938
713.5328,76.8765
714.4970,74.2453
715.4612,71.1298
716.4255,67.9545
717.3897,65.3903
718.3539,64.1559
719.3182,64.7174
720.2824,67.0283
721.2466,70.4944
722.2109,74.2193
723.1751,77.3626
724.1393,79.3759
725.1036,80.0485
726.0678,79.4649
727.0320,77.9715
727.9963,76.1499
728.9605,74.7215
729.9247,74.348
730.8890,75.3908
731.8532,77.7578
732.8174,80.9381
733.7817,84.2243
734.7459,87.0078
735.7101,88.9893
736.6744,90.2048
737.6386,90.8922
738.6028,91.3127
739.5671,91.6351
740.5313,91.9216
741.4955,92.1775
742.4598,92.4026
743.4240,92.609
744.3882,92.8106
745.3525,93.0103
746.3167,93.2017
747.2809,93.3789
748.2452,93.5434
749.2094,93.7007
750.1736,93.8539
751.1379,94.0008
752.1021,94.138
753.0663,94.2658
754.0306,94.3888
754.9948,94.5126
755.9590,94.6391
756.9233,94.7666
757.8875,94.8917
758.8517,95.0119
759.8160,95.1266
760.7802,95.2352
761.7444,95.3372
762.7087,95.4316
763.6729,95.5186
764.6371,95.6003
765.6014,95.6809
766.5656,95.7646
767.5298,95.8548
768.4941,95.9523
769.4583,96.0547
770.4225,96.1571
771.3868,96.2545
772.3510,96.344
773.3152,96.4256
774.2795,96.5013
775.2437,96.5734
776.2079,96.6423
777.1722,96.7071
778.1364,96.7661
779.1006,96.8191
780.0649,96.8672
781.0291,96.9125
781.9933,96.9566
782.9576,97
783.9218,97.0423
784.8860,97.0822
785.8503,97.1186
786.8145,97.1512
787.7787,97.1807
788.7430,97.2089
789.7072,97.2371
790.6714,97.2661
791.6357,97.2945
792.5999,97.3196
793.5641,97.3387
794.5284,97.3509
795.4926,97.3572
796.4568,97.3608
797.4211,97.3645
798.3853,97.3693
799.3495,97.374
800.3138,97.3756
801.2780,97.3706
802.2422,97.3568
803.2065,97.334
804.1707,97.3043
805.1349,97.272
806.0992,97.2429
807.0634,97.2238
808.0276,97.2209
808.9919,97.2386
809.9561,97.2781
810.9203,97.3371
811.8846,97.4099
812.8488,97.4892
813.8130,97.5676
814.7773,97.6396
815.7415,97.7021
816.7057,97.7545
817.6700,97.7983
818.6342,97.8359
819.5984,97.8702
820.5627,97.9047
821.5269,97.9429
822.4911,97.9883
823.4554,98.0433
824.4196,98.1078
825.3839,98.1789
826.3481,98.2513
827.3123,98.3191
828.2766,98.3787
829.2408,98.4296
830.2050,98.4749
831.1693,98.5196
832.1335,98.5681
833.0977,98.6228
834.0620,98.6835
835.0262,98.748
835.9904,98.813
836.9547,98.8752
837.9189,98.932
838.8831,98.982
839.8474,99.0247
840.8116,99.0607
841.7758,99.091
842.7401,99.1173
843.7043,99.1413
844.6685,99.1648
845.6328,99.1894
846.5970,99.2154
847.5612,99.242
848.5255,99.2671
849.4897,99.288
850.4539,99.3027
851.4182,99.3108
852.3824,99.3141
853.3466,99.3163
854.3109,99.321
855.2751,99.3311
856.2393,99.3466
857.2036,99.3652
858.1678,99.3833
859.1320,99.3978
860.0963,99.4081
861.0605,99.4159
862.0247,99.4247
862.9890,99.4371
863.9532,99.4536
864.9174,99.4726
865.8817,99.4917
866.8459,99.5092
867.8101,99.5253
868.7744,99.5416
869.7386,99.5593
870.7028,99.5782
871.6671,99.5961
872.6313,99.6103
873.5955,99.6183
874.5598,99.6197
875.5240,99.6163
876.4882,99.6115
877.4525,99.6092
878.4167,99.6127
879.3809,99.623
880.3452,99.6383
881.3094,99.6549
882.2736,99.6682
883.2379,99.6742
884.2021,99.6715
885.1663,99.6613
886.1306,99.6476
887.0948,99.6348
888.0590,99.6267
889.0233,99.6245
889.9875,99.6271
890.9517,99.632
891.9160,99.636
892.8802,99.6366
893.8444,99.6321
894.8087,99.6213
895.7729,99.6034
896.7371,99.5783
897.7014,99.5463
898.6656,99.5083
899.6298,99.4648
900.5941,99.4141
901.5583,99.352
902.5225,99.2724
903.4868,99.1709
904.4510,99.0489
905.4152,98.9167
906.3795,98.7934
907.3437,98.7013
908.3079,98.6591
909.2722,98.675
910.2364,98.7431
911.2007,98.8466
912.1649,98.9635
913.1292,99.0741
914.0934,99.1656
915.0576,99.2332
916.0219,99.2779
916.9861,99.3034
917.9503,99.3139
918.9146,99.3132
919.8788,99.305
920.8430,99.2932
921.8073,99.2811
922.7715,99.2707
923.7357,99.2622
924.7000,99.2545
925.6642,99.2466
926.6284,99.2388
927.5927,99.2338
928.5569,99.2354
929.5211,99.2472
930.4854,99.2708
931.4496,99.3048
932.4138,99.3454
933.3781,99.3881
934.3423,99.4285
935.3065,99.4644
936.2708,99.4952
937.2350,99.5218
938.1992,99.5453
939.1635,99.5669
940.1277,99.5872
941.0919,99.6068
942.0562,99.6264
943.0204,99.6463
943.9846,99.6663
944.9489,99.6856
945.9131,99.7028
946.8773,99.7167
947.8416,99.7266
948.8058,99.7334
949.7700,99.7387
950.7343,99.7447
951.6985,99.7533
952.6627,99.7658
953.6270,99.782
954.5912,99.8006
955.5554,99.8195
956.5197,99.8365
957.4839,99.8502
958.4481,99.8607
959.4124,99.869
960.3766,99.8767
961.3408,99.8848
962.3051,99.8932
963.2693,99.9013
964.2335,99.9078
965.1978,99.9117
966.1620,99.9119
967.1262,99.9075
968.0905,99.8976
969.0547,99.8823
970.0189,99.864
970.9832,99.847
971.9474,99.8371
972.9116,99.8388
973.8759,99.854
974.8401,99.8807
975.8043,99.914
976.7686,99.9476
977.7328,99.976
978.6970,99.9952
979.6613,100.004
980.6255,100.003
981.5897,99.9933
982.5540,99.9772
983.5182,99.9549
984.4824,99.9252
985.4467,99.8856
986.4109,99.8342
987.3751,99.7708
988.3394,99.6991
989.3036,99.6256
990.2678,99.558
991.2321,99.5025
992.1963,99.4622
993.1605,99.4365
994.1248,99.4221
995.0890,99.4152
996.0532,99.4127
997.0175,99.413
997.9817,99.4163
998.9459,99.4233
999.9102,99.4352
1000.8744,99.4522
1001.8386,99.4732
1002.8029,99.4955
1003.7671,99.5156
1004.7313,99.5297
1005.6956,99.5353
1006.6598,99.5317
1007.6240,99.5197
1008.5883,99.5005
1009.5525,99.4743
1010.5167,99.4403
1011.4810,99.397
1012.4452,99.3438
1013.4094,99.2818
1014.3737,99.2135
1015.3379,99.1416
1016.3021,99.0686
1017.2664,98.9962
1018.2306,98.9262
1019.1948,98.8606
1020.1591,98.801
1021.1233,98.7482
1022.0875,98.701
1023.0518,98.6569
1024.0160,98.6138
1024.9802,98.5713
1025.9445,98.531
1026.9087,98.4959
1027.8729,98.469
1028.8372,98.4518
1029.8014,98.4436
1030.7656,98.4424
1031.7299,98.445
1032.6941,98.4479
1033.6583,98.4487
1034.6226,98.4465
1035.5868,98.4425
1036.5510,98.4391
1037.5153,98.4388
1038.4795,98.4418
1039.4437,98.4459
1040.4080,98.4472
1041.3722,98.4417
1042.3364,98.4285
1043.3007,98.4094
1044.2649,98.389
1045.2291,98.3717
1046.1934,98.3602
1047.1576,98.3552
1048.1218,98.3556
1049.0861,98.3601
1050.0503,98.3677
1051.0145,98.3777
1051.9788,98.389
1052.9430,98.3995
1053.9072,98.4065
1054.8715,98.4066
1055.8357,98.3969
1056.7999,98.3757
1057.7642,98.3433
1058.7284,98.3018
1059.6926,98.2543
1060.6569,98.2044
1061.6211,98.154
1062.5853,98.104
1063.5496,98.054
1064.5138,98.0047
1065.4780,97.9581
1066.4423,97.9181
1067.4065,97.8886
1068.3707,97.8715
1069.3350,97.8649
1070.2992,97.8634
1071.2634,97.8598
1072.2277,97.8468
1073.1919,97.8192
1074.1561,97.7752
1075.1204,97.7171
1076.0846,97.6516
1077.0488,97.5886
1078.0131,97.5393
1078.9773,97.5116
1079.9415,97.5077
1080.9058,97.5228
1081.8700,97.5483
1082.8342,97.5767
1083.7985,97.6062
1084.7627,97.6418
1085.7269,97.6919
1086.6912,97.7637
1087.6554,97.8577
1088.6196,97.9676
1089.5839,98.0816
1090.5481,98.187
1091.5123,98.2738
1092.4766,98.3374
1093.4408,98.3785
1094.4050,98.4024
1095.3693,98.4173
1096.3335,98.4319
1097.2977,98.4537
1098.2620,98.4862
1099.2262,98.529
1100.1904,98.5776
1101.1547,98.6258
1102.1189,98.668
1103.0831,98.7015
1104.0474,98.7271
1105.0116,98.7482
1105.9758,98.7693
1106.9401,98.7935
1107.9043,98.8215
1108.8685,98.8519
1109.8328,98.8825
1110.7970,98.9119
1111.7612,98.9398
1112.7255,98.9666
1113.6897,98.9922
1114.6539,99.0158
1115.6182,99.0362
1116.5824,99.0534
1117.5466,99.0683
1118.5109,99.0826
1119.4751,99.0975
1120.4393,99.1131
1121.4036,99.1288
1122.3678,99.1445
1123.3320,99.1607
1124.2963,99.178
1125.2605,99.1964
1126.2247,99.2142
1127.1890,99.2294
1128.1532,99.2408
1129.1174,99.2496
1130.0817,99.2584
1131.0459,99.2703
1132.0101,99.2871
1132.9744,99.3091
1133.9386,99.3351
1134.9028,99.3641
1135.8671,99.3954
1136.8313,99.4284
1137.7955,99.4622
1138.7598,99.4951
1139.7240,99.5255
1140.6882,99.5523
1141.6525,99.5761
1142.6167,99.5979
1143.5809,99.6189
1144.5452,99.6393
1145.5094,99.6589
1146.4736,99.677
1147.4379,99.6936
1148.4021,99.7093
1149.3663,99.7245
1150.3306,99.7387
1151.2948,99.7509
1152.2590,99.7593
1153.2233,99.7632
1154.1875,99.7634
1155.1517,99.7619
1156.1160,99.7611
1157.0802,99.7625
1158.0444,99.7666
1159.0087,99.7725
1159.9729,99.7794
1160.9371,99.7868
1161.9014,99.7943
1162.8656,99.8017
1163.8298,99.8087
1164.7941,99.8153
1165.7583,99.8219
1166.7225,99.8294
1167.6868,99.8377
1168.6510,99.8453
1169.6152,99.8487
1170.5795,99.8437
1171.5437,99.8275
1172.5079,99.801
1173.4722,99.7694
1174.4364,99.7409
1175.4006,99.7235
1176.3649,99.7224
1177.3291,99.7374
1178.2933,99.7634
1179.2576,99.7919
1180.2218,99.8137
1181.1860,99.8222
1182.1503,99.8149
1183.1145,99.7941
1184.0787,99.7652
1185.0430,99.7343
1186.0072,99.706
1186.9714,99.6814
1187.9357,99.6592
1188.8999,99.6358
1189.8641,99.6081
1190.8284,99.5739
1191.7926,99.5322
1192.7568,99.4832
1193.7211,99.427
1194.6853,99.3645
1195.6495,99.2966
1196.6138,99.2251
1197.5780,99.152
1198.5422,99.0784
1199.5065,99.0045
1200.4707,98.9289
1201.4349,98.8495
1202.3992,98.7653
1203.3634,98.6765
1204.3276,98.585
1205.2919,98.4925
1206.2561,98.4
1207.2203,98.3071
1208.1846,98.2138
1209.1488,98.1217
1210.1130,98.0352
1211.0773,97.9603
1212.0415,97.9014
1213.0057,97.8596
1213.9700,97.831
1214.9342,97.8096
1215.8984,97.7898
1216.8627,97.769
1217.8269,97.7475
1218.7911,97.7265
1219.7554,97.7066
1220.7196,97.6868
1221.6838,97.666
1222.6481,97.6447
1223.6123,97.6264
1224.5765,97.6152
1225.5408,97.6145
1226.5050,97.6244
1227.4692,97.6423
1228.4335,97.665
1229.3977,97.6906
1230.3619,97.7196
1231.3262,97.7532
1232.2904,97.792
1233.2546,97.8342
1234.2189,97.8765
1235.1831,97.915
1236.1473,97.9474
1237.1116,97.9723
1238.0758,97.9892
1239.0400,97.9978
1240.0043,97.998
1240.9685,97.9902
1241.9327,97.9759
1242.8970,97.9571
1243.8612,97.9352
1244.8254,97.9104
1245.7897,97.8815
1246.7539,97.8472
1247.7181,97.8074
1248.6824,97.7633
1249.6466,97.7174
1250.6108,97.6724
1251.5751,97.629
1252.5393,97.5857
1253.5035,97.5377
1254.4678,97.4795
1255.4320,97.4077
1256.3962,97.3249
1257.3605,97.2421
1258.3247,97.1765
1259.2889,97.1464
1260.2532,97.1635
1261.2174,97.2283
1262.1816,97.3302
1263.1459,97.4523
1264.1101,97.5778
1265.0743,97.6947
1266.0386,97.7969
1267.0028,97.8835
1267.9670,97.9582
1268.9313,98.0278
1269.8955,98.1011
1270.8597,98.1855
1271.8240,98.2837
1272.7882,98.3909
1273.7524,98.4969
1274.7167,98.5896
1275.6809,98.6607
1276.6451,98.7085
1277.6094,98.738
1278.5736,98.7579
1279.5378,98.776
1280.5021,98.7959
1281.4663,98.8154
1282.4305,98.8284
1283.3948,98.8278
1284.3590,98.8098
1285.3232,98.7771
1286.2875,98.7388
1287.2517,98.708
1288.2159,98.6951
1289.1802,98.7031
1290.1444,98.7255
1291.1086,98.7496
1292.0729,98.7633
1293.0371,98.7608
1294.0013,98.7448
1294.9656,98.7233
1295.9298,98.705
1296.8940,98.6951
1297.8583,98.6943
1298.8225,98.7008
1299.7867,98.7118
1300.7510,98.7249
1301.7152,98.7374
1302.6794,98.7471
1303.6437,98.7539
1304.6079,98.7602
1305.5721,98.7696
1306.5364,98.7829
1307.5006,98.7954
1308.4648,98.7979
1309.4291,98.7837
1310.3933,98.7542
1311.3575,98.7199
1312.3218,98.6941
1313.2860,98.6834
1314.2502,98.6825
1315.2145,98.6802
1316.1787,98.6713
1317.1429,98.666
1318.1072,98.6877
1319.0714,98.759
1320.0356,98.885
1320.9999,99.0469
1321.9641,99.2117
1322.9283,99.3487
1323.8926,99.4427
1324.8568,99.4956
1325.8210,99.5203
1326.7853,99.531
1327.7495,99.5364
1328.7137,99.5399
1329.6780,99.5418
1330.6422,99.5398
1331.6064,99.5248
1332.5707,99.4767
1333.5349,99.3642
1334.4991,99.1563
1335.4634,98.8408
1336.4276,98.4451
1337.3918,98.048
1338.3561,97.7633
1339.3203,97.6878
1340.2845,97.8396
1341.2488,98.1431
1342.2130,98.4768
1343.1772,98.7363
1344.1415,98.8692
1345.1057,98.8757
1346.0699,98.7927
1347.0342,98.6716
1347.9984,98.5565
1348.9626,98.4702
1349.9269,98.4125
1350.8911,98.3699
1351.8553,98.3308
1352.8196,98.2952
1353.7838,98.2752
1354.7480,98.2815
1355.7123,98.3049
1356.6765,98.3071
1357.6407,98.2334
1358.6050,98.0418
1359.5692,97.7344
1360.5334,97.3768
1361.4977,97.0837
1362.4619,96.9593
1363.4261,97.025
1364.3904,97.2078
1365.3546,97.4019
1366.3188,97.5365
1367.2831,97.5965
1368.2473,97.6031
1369.2115,97.5802
1370.1758,97.5354
1371.1400,97.4661
1372.1042,97.3847
1373.0685,97.3348
1374.0327,97.3773
1374.9969,97.5479
1375.9612,97.8244
1376.9254,98.1426
1377.8896,98.4421
1378.8539,98.6955
1379.8181,98.9022
1380.7823,99.0625
1381.7466,99.1568
1382.7108,99.1504
1383.6750,99.02
1384.6393,98.7844
1385.6035,98.5215
1386.5677,98.3457
1387.5320,98.3377
1388.4962,98.4766
1389.4604,98.6511
1390.4247,98.7352
1391.3889,98.6504
1392.3531,98.3851
1393.3174,97.993
1394.2816,97.579
1395.2458,97.2649
1396.2101,97.1398
1397.1743,97.2261
1398.1385,97.4791
1399.1028,97.8129
1400.0670,98.1311
1401.0313,98.3577
1401.9955,98.4587
1402.9597,98.4509
1403.9240,98.3927
1404.8882,98.3546
1405.8524,98.3768
1406.8167,98.4452
1407.7809,98.5094
1408.7451,98.5272
1409.7094,98.4926
1410.6736,98.4295
1411.6378,98.3587
1412.6021,98.2669
1413.5663,98.1055
1414.5305,97.8229
1415.4948,97.4067
1416.4590,96.9188
1417.4232,96.5025
1418.3875,96.3208
1419.3517,96.4284
1420.3159,96.7175
1421.2802,97.024
1422.2444,97.2504
1423.2086,97.3835
1424.1729,97.4473
1425.1371,97.4564
1426.1013,97.3995
1427.0656,97.2564
1428.0298,97.026
1428.9940,96.7426
1429.9583,96.4581
1430.9225,96.202
1431.8867,95.9553
1432.8510,95.6685
1433.8152,95.3089
1434.7794,94.9073
1435.7437,94.5765
1436.7079,94.4536
1437.6721,94.5768
1438.6364,94.841
1439.6006,95.0948
1440.5648,95.2386
1441.5291,95.2402
1442.4933,95.1089
1443.4575,94.8691
1444.4218,94.5489
1445.3860,94.1806
1446.3502,93.8073
1447.3145,93.4752
1448.2787,93.2009
1449.2429,92.9373
1450.2072,92.5837
1451.1714,92.0418
1452.1356,91.2625
1453.0999,90.2388
1454.0641,88.947
1455.0283,87.2627
1455.9926,84.9419
1456.9568,81.8646
1457.9210,78.4182
1458.8853,75.2957
1459.8495,72.9281
1460.8137,71.4452
1461.7780,70.9367
1462.7422,71.5494
1463.7064,73.3389
1464.6707,75.9743
1465.6349,78.6675
1466.5991,80.6071
1467.5634,81.4169
1468.5276,81.1343
1469.4918,79.981
1470.4561,78.325
1471.4203,76.8454
1472.3845,76.5597
1473.3488,78.2623
1474.3130,81.7559
1475.2772,85.9928
1476.2415,89.9282
1477.2057,92.9997
1478.1699,95.0912
1479.1342,96.3558
1480.0984,97.0625
1481.0626,97.4711
1482.0269,97.742
1482.9911,97.9078
1483.9553,97.9157
1484.9196,97.7004
1485.8838,97.2472
1486.8480,96.6393
1487.8123,96.087
1488.7765,95.8705
1489.7407,96.1382
1490.7050,96.7507
1491.6692,97.4042
1492.6334,97.8561
1493.5977,98.0028
1494.5619,97.8556
1495.5261,97.5223
1496.4904,97.199
1497.4546,97.0999
1498.4188,97.3064
1499.3831,97.6986
1500.3473,98.0687
1501.3115,98.2511
1502.2758,98.1408
1503.2400,97.6539
1504.2042,96.7142
1505.1685,95.3455
1506.1327,93.9165
1507.0969,93.194
1508.0612,93.6115
1509.0254,94.7346
1509.9896,95.9112
1510.9539,96.7986
1511.9181,97.3037
1512.8823,97.4374
1513.8466,97.2604
1514.8108,96.8771
1515.7750,96.4168
1516.7393,95.9865
1517.7035,95.6309
1518.6677,95.3441
1519.6320,95.1219
1520.5962,94.9967
1521.5604,95.0174
1522.5247,95.1983
1523.4889,95.5048
1524.4531,95.8904
1525.4174,96.3259
1526.3816,96.7864
1527.3458,97.224
1528.3101,97.5657
1529.2743,97.7422
1530.2385,97.7238
1531.2028,97.545
1532.1670,97.3102
1533.1312,97.1502
1534.0955,97.123
1535.0597,97.1501
1536.0239,97.0663
1536.9882,96.7076
1537.9524,95.9661
1538.9166,94.8737
1539.8809,93.7679
1540.8451,93.264
1541.8093,93.6679
1542.7736,94.6435
1543.7378,95.7205
1544.7020,96.6567
1545.6663,97.3788
1546.6305,97.8727
1547.5947,98.1476
1548.5590,98.2369
1549.5232,98.1978
1550.4874,98.0955
1551.4517,97.9718
1552.4159,97.8172
1553.3801,97.5689
1554.3444,97.1375
1555.3086,96.4432
1556.2728,95.4809
1557.2371,94.4688
1558.2013,93.9743
1559.1655,94.4807
1560.1298,95.6813
1561.0940,96.9063
1562.0582,97.824
1563.0225,98.4032
1563.9867,98.695
1564.9509,98.7474
1565.9152,98.6068
1566.8794,98.3502
1567.8436,98.1067
1568.8079,98.0212
1569.7721,98.1523
1570.7363,98.4131
1571.7006,98.6359
1572.6648,98.6821
1573.6290,98.5029
1574.5933,98.169
1575.5575,97.8823
1576.5217,97.8844
1577.4860,98.2449
1578.4502,98.7961
1579.4144,99.3155
1580.3787,99.6799
1581.3429,99.8715
1582.3071,99.9323
1583.2714,99.9225
1584.2356,99.8893
1585.1998,99.8502
1586.1641,99.8002
1587.1283,99.73
1588.0925,99.6379
1589.0568,99.5277
1590.0210,99.4008
1590.9852,99.2553
1591.9495,99.0951
1592.9137,98.9409
1593.8779,98.8293
1594.8422,98.7955
1595.8064,98.8488
1596.7706,98.9618
1597.7349,99.0832
1598.6991,99.1655
1599.6633,99.1875
1600.6276,99.1606
1601.5918,99.1156
1602.5560,99.0793
1603.5203,99.0543
1604.4845,99.0198
1605.4487,98.9535
1606.4130,98.858
1607.3772,98.7717
1608.3414,98.7508
1609.3057,98.8246
1610.2699,98.9575
1611.2341,99.0589
1612.1984,99.0316
1613.1626,98.8182
1614.1268,98.4351
1615.0911,97.998
1616.0553,97.6991
1617.0195,97.6735
1617.9838,97.8641
1618.9480,98.0835
1619.9122,98.1793
1620.8765,98.1086
1621.8407,97.927
1622.8049,97.75
1623.7692,97.6874
1624.7334,97.7752
1625.6976,97.9723
1626.6619,98.2188
1627.6261,98.4774
1628.5903,98.7227
1629.5546,98.9115
1630.5188,98.9748
1631.4830,98.8354
1632.4473,98.4348
1633.4115,97.7755
1634.3757,97.0011
1635.3400,96.4391
1636.3042,96.4035
1637.2684,96.8722
1638.2327,97.5456
1639.1969,98.152
1640.1611,98.5593
1641.1254,98.7211
1642.0896,98.6192
1643.0538,98.2466
1644.0181,97.6329
1644.9823,96.9072
1645.9465,96.3254
1646.9108,96.1195
1647.8750,96.2624
1648.8392,96.4942
1649.8035,96.5477
1650.7677,96.2799
1651.7319,95.7518
1652.6962,95.3522
1653.6604,95.6135
1654.6246,96.5456
1655.5889,97.6402
1656.5531,98.5093
1657.5173,99.0382
1658.4816,99.239
1659.4458,99.1714
1660.4100,98.9445
1661.3743,98.7195
1662.3385,98.6406
1663.3027,98.7261
1664.2670,98.8574
1665.2312,98.8811
1666.1954,98.6997
1667.1597,98.3092
1668.1239,97.8147
1669.0881,97.4082
1670.0524,97.2562
1671.0166,97.367
1671.9808,97.6111
1672.9451,97.8571
1673.9093,98.0542
1674.8735,98.2201
1675.8378,98.3807
1676.8020,98.5154
1677.7662,98.5553
1678.7305,98.4247
1679.6947,98.0713
1680.6589,97.4822
1681.6232,96.719
1682.5874,95.986
1683.5516,95.618
1684.5159,95.8222
1685.4801,96.4415
1686.4443,97.1587
1687.4086,97.7843
1688.3728,98.2781
1689.3370,98.6541
1690.3013,98.9143
1691.2655,99.0294
1692.2297,98.9506
1693.1940,98.6356
1694.1582,98.0816
1695.1224,97.3547
1696.0867,96.5998
1697.0509,96.0055
1698.0151,95.7303
1698.9794,95.8253
1699.9436,96.2014
1700.9078,96.679
1701.8721,97.0983
1702.8363,97.3944
1703.8005,97.593
1704.7648,97.7675
1705.7290,97.9955
1706.6932,98.3132
1707.6575,98.6878
1708.6217,99.0331
1709.5859,99.2569
1710.5502,99.2937
1711.5144,99.1077
1712.4786,98.6864
1713.4429,98.0491
1714.4071,97.2787
1715.3713,96.5692
1716.3356,96.2157
1717.2998,96.4336
1718.2640,97.1308
1719.2283,97.9823
1720.1925,98.7151
1721.1567,99.231
1722.1210,99.5508
1723.0852,99.7361
1724.0494,99.84
1725.0137,99.8824
1725.9779,99.848
1726.9421,99.7031
1727.9064,99.4202
1728.8706,98.9928
1729.8348,98.4417
1730.7991,97.8249
1731.7633,97.2595
1732.7275,96.9207
1733.6918,96.9493
1734.6560,97.3087
1735.6202,97.7954
1736.5845,98.2101
1737.5487,98.4594
1738.5129,98.5416
1739.4772,98.5061
1740.4414,98.4226
1741.4056,98.35
1742.3699,98.3062
1743.3341,98.2646
1744.2983,98.1772
1745.2626,98.0058
1746.2268,97.7461
1747.1910,97.45
1748.1553,97.2337
1749.1195,97.2397
1750.0837,97.5409
1751.0480,98.0652
1752.0122,98.6409
1752.9764,99.1116
1753.9407,99.4026
1754.9049,99.517
1755.8691,99.5033
1756.8334,99.4228
1757.7976,99.3258
1758.7618,99.2439
1759.7261,99.2004
1760.6903,99.2206
1761.6545,99.3232
1762.6188,99.4956
1763.5830,99.6834
1764.5472,99.8103
1765.5115,99.8111
1766.4757,99.6524
1767.4399,99.3371
1768.4042,98.9028
1769.3684,98.4229
1770.3326,98.0073
1771.2969,97.7859
1772.2611,97.8509
1773.2253,98.1855
1774.1896,98.6614
1775.1538,99.1206
1776.1180,99.4538
1777.0823,99.6227
1778.0465,99.6495
1779.0107,99.5963
1779.9750,99.5389
1780.9392,99.5336
1781.9034,99.5971
1782.8677,99.7139
1783.8319,99.8554
1784.7961,99.9896
1785.7604,100.079
1786.7246,100.079
1787.6888,99.9498
1788.6531,99.6726
1789.6173,99.2714
1790.5815,98.8359
1791.5458,98.5126
1792.5100,98.4284
1793.4742,98.5889
1794.4385,98.8765
1795.4027,99.1487
1796.3669,99.3166
1797.3312,99.3591
1798.2954,99.3101
1799.2596,99.2415
1800.2239,99.235
1801.1881,99.3415
1802.1523,99.5535
1803.1166,99.8131
1804.0808,100.045
1805.0450,100.189
1806.0093,100.212
1806.9735,100.12
1807.9377,99.9548
1808.9020,99.7855
1809.8662,99.6892
1810.8304,99.7148
1811.7947,99.858
1812.7589,100.066
1813.7231,100.271
1814.6874,100.425
1815.6516,100.512
1816.6158,100.546
1817.5801,100.549
1818.5443,100.532
1819.5085,100.485
1820.4728,100.387
1821.4370,100.228
1822.4012,100.026
1823.3655,99.8154
1824.3297,99.6317
1825.2939,99.4822
1826.2582,99.3493
1827.2224,99.2221
1828.1866,99.1279
1829.1509,99.1317
1830.1151,99.2868
1831.0793,99.5765
1832.0436,99.9102
1833.0078,100.184
1833.9720,100.338
1834.9363,100.38
1835.9005,100.361
1836.8647,100.341
1837.8290,100.343
1838.7932,100.338
1839.7574,100.265
1840.7217,100.076
1841.6859,99.7744
1842.6501,99.4271
1843.6144,99.1578
1844.5786,99.0793
1845.5428,99.2154
1846.5071,99.4943
1847.4713,99.8155
1848.4355,100.108
1849.3998,100.342
1850.3640,100.513
1851.3282,100.629
1852.2925,100.699
1853.2567,100.732
1854.2209,100.734
1855.1852,100.712
1856.1494,100.673
1857.1136,100.627
1858.0779,100.588
1859.0421,100.569
1860.0063,100.574
1860.9706,100.59
1861.9348,100.579
1862.8990,100.492
1863.8633,100.29
1864.8275,99.9592
1865.7917,99.5417
1866.7560,99.1407
1867.7202,98.901
1868.6844,98.9335
1869.6487,99.2337
1870.6129,99.6812
1871.5771,100.126
1872.5414,100.467
1873.5056,100.668
1874.4698,100.747
1875.4341,100.749
1876.3983,100.723
1877.3625,100.704
1878.3268,100.701
1879.2910,100.707
1880.2552,100.708
1881.2195,100.696
1882.1837,100.668
1883.1479,100.625
1884.1122,100.561
1885.0764,100.467
1886.0406,100.343
1887.0049,100.201
1887.9691,100.074
1888.9333,99.9956
1889.8976,99.9843
1890.8618,100.024
1891.8260,100.078
1892.7903,100.115
1893.7545,100.129
1894.7188,100.141
1895.6830,100.181
1896.6472,100.264
1897.6115,100.378
1898.5757,100.491
1899.5399,100.576
1900.5042,100.619
1901.4684,100.626
1902.4326,100.609
1903.3969,100.574
1904.3611,100.519
1905.3253,100.438
1906.2896,100.334
1907.2538,100.233
1908.2180,100.171
1909.1823,100.185
1910.1465,100.282
1911.1107,100.432
1912.0750,100.574
1913.0392,100.65
1914.0034,100.623
1914.9677,100.495
1915.9319,100.308
1916.8961,100.121
1917.8604,99.9872
1918.8246,99.9232
1919.7888,99.915
1920.7531,99.9422
1921.7173,100.001
1922.6815,100.101
1923.6458,100.25
1924.6100,100.429
1925.5742,100.596
1926.5385,100.707
1927.5027,100.743
1928.4669,100.713
1929.4312,100.654
1930.3954,100.604
1931.3596,100.591
1932.3239,100.621
1933.2881,100.688
1934.2523,100.774
1935.2166,100.86
1936.1808,100.915
1937.1450,100.905
1938.1093,100.803
1939.0735,100.612
1940.0377,100.366
1941.0020,100.137
1941.9662,100.001
1942.9304,100.004
1943.8947,100.137
1944.8589,100.339
1945.8231,100.54
1946.7874,100.691
1947.7516,100.777
1948.7158,100.807
1949.6801,100.803
1950.6443,100.784
1951.6085,100.766
1952.5728,100.759
1953.5370,100.77
1954.5012,100.797
1955.4655,100.832
1956.4297,100.857
1957.3939,100.857
1958.3582,100.831
1959.3224,100.795
1960.2866,100.77
1961.2509,100.768
1962.2151,100.775
1963.1793,100.76
1964.1436,100.693
1965.1078,100.57
1966.0720,100.422
1967.0363,100.302
1968.0005,100.256
1968.9647,100.299
1969.9290,100.415
1970.8932,100.569
1971.8574,100.722
1972.8217,100.841
1973.7859,100.894
1974.7501,100.855
1975.7144,100.716
1976.6786,100.504
1977.6428,100.279
1978.6071,100.114
1979.5713,100.05
1980.5355,100.085
1981.4998,100.181
1982.4640,100.288
1983.4282,100.371
1984.3925,100.409
1985.3567,100.399
1986.3209,100.347
1987.2852,100.264
1988.2494,100.167
1989.2136,100.086
1990.1779,100.056
1991.1421,100.098
1992.1063,100.202
1993.0706,100.327
1994.0348,100.42
1994.9990,100.449
1995.9633,100.423
1996.9275,100.382
1997.8917,100.373
1998.8560,100.422
1999.8202,100.516
2000.7844,100.619
2001.7487,100.697
2002.7129,100.739
2003.6771,100.76
2004.6414,100.786
2005.6056,100.832
2006.5698,100.887
2007.5341,100.924
2008.4983,100.921
2009.4625,100.875
2010.4268,100.802
2011.3910,100.72
2012.3552,100.638
2013.3195,100.558
2014.2837,100.48
2015.2479,100.413
2016.2122,100.369
2017.1764,100.358
2018.1406,100.376
2019.1049,100.41
2020.0691,100.443
2021.0333,100.467
2021.9976,100.483
2022.9618,100.497
2023.9260,100.519
2024.8903,100.551
2025.8545,100.592
2026.8187,100.633
2027.7830,100.661
2028.7472,100.662
2029.7114,100.627
2030.6757,100.564
2031.6399,100.495
2032.6041,100.447
2033.5684,100.438
2034.5326,100.464
2035.4968,100.498
2036.4611,100.512
2037.4253,100.488
2038.3895,100.428
2039.3538,100.356
2040.3180,100.3
2041.2822,100.283
2042.2465,100.31
2043.2107,100.366
2044.1749,100.421
2045.1392,100.441
2046.1034,100.411
2047.0676,100.344
2048.0320,100.276
2048.9961,100.245
2049.9604,100.268
2050.9246,100.329
2051.8889,100.395
2052.8530,100.436
2053.8174,100.443
2054.7815,100.431
2055.7458,100.43
2056.7100,100.458
2057.6743,100.512
2058.6384,100.569
2059.6028,100.602
2060.5669,100.599
2061.5313,100.568
2062.4954,100.531
2063.4597,100.509
2064.4238,100.509
2065.3882,100.525
2066.3523,100.546
2067.3167,100.562
2068.2808,100.571
2069.2451,100.572
2070.2092,100.57
2071.1736,100.565
2072.1377,100.558
2073.1021,100.55
2074.0662,100.547
2075.0305,100.552
2075.9946,100.568
2076.9590,100.59
2077.9231,100.611
2078.8875,100.624
2079.8516,100.625
2080.8159,100.618
2081.7800,100.609
2082.7444,100.601
2083.7085,100.596
2084.6729,100.591
2085.6370,100.587
2086.6013,100.59
2087.5654,100.609
2088.5298,100.654
2089.4939,100.723
2090.4583,100.804
2091.4224,100.876
2092.3867,100.917
2093.3508,100.917
2094.3152,100.881
2095.2793,100.825
2096.2437,100.769
2097.2078,100.727
2098.1721,100.701
2099.1362,100.688
2100.1006,100.682
2101.0647,100.68
2102.0291,100.683
2102.9932,100.691
2103.9575,100.703
2104.9216,100.715
2105.8860,100.721
2106.8501,100.72
2107.8145,100.712
2108.7786,100.7
2109.7429,100.686
2110.7070,100.67
2111.6714,100.651
2112.6355,100.631
2113.5999,100.614
2114.5640,100.61
2115.5283,100.623
2116.4924,100.651
2117.4568,100.687
2118.4209,100.722
2119.3853,100.752
2120.3494,100.777
2121.3137,100.807
2122.2778,100.847
2123.2422,100.896
2124.2063,100.949
2125.1707,100.995
2126.1348,101.026
2127.0991,101.04
2128.0632,101.043
2129.0276,101.04
2129.9917,101.036
2130.9561,101.03
2131.9202,101.023
2132.8845,101.013
2133.8486,101
2134.8130,100.985
2135.7771,100.964
2136.7415,100.936
2137.7056,100.899
2138.6699,100.854
2139.6340,100.809
2140.5984,100.777
2141.5625,100.767
2142.5269,100.785
2143.4910,100.826
2144.4553,100.877
2145.4194,100.923
2146.3838,100.951
2147.3479,100.957
2148.3123,100.947
2149.2764,100.932
2150.2407,100.928
2151.2048,100.951
2152.1692,101.014
2153.1333,101.125
2154.0977,101.271
2155.0618,101.417
2156.0261,101.502
2156.9902,101.461
2157.9546,101.26
2158.9187,100.939
2159.8831,100.602
2160.8472,100.359
2161.8115,100.265
2162.7756,100.306
2163.7400,100.426
2164.7041,100.56
2165.6685,100.661
2166.6326,100.706
2167.5969,100.698
2168.5610,100.656
2169.5254,100.604
2170.4895,100.565
2171.4539,100.551
2172.4180,100.56
2173.3823,100.574
2174.3464,100.571
2175.3108,100.538
2176.2749,100.479
2177.2393,100.417
2178.2034,100.379
2179.1677,100.379
2180.1318,100.416
2181.0962,100.472
2182.0603,100.524
2183.0247,100.558
2183.9888,100.567
2184.9531,100.554
2185.9172,100.519
2186.8816,100.464
2187.8457,100.394
2188.8101,100.321
2189.7742,100.261
2190.7385,100.232
2191.7026,100.241
2192.6670,100.281
2193.6311,100.338
2194.5955,100.395
2195.5596,100.441
2196.5239,100.475
2197.4880,100.502
2198.4524,100.527
2199.4165,100.551
2200.3809,100.568
2201.3450,100.569
2202.3093,100.55
2203.2734,100.514
2204.2378,100.472
2205.2019,100.439
2206.1663,100.42
2207.1304,100.414
2208.0947,100.413
2209.0588,100.409
2210.0232,100.399
2210.9873,100.389
2211.9517,100.384
2212.9158,100.385
2213.8801,100.387
2214.8442,100.384
2215.8086,100.375
2216.7727,100.368
2217.7371,100.372
2218.7012,100.388
2219.6655,100.412
2220.6296,100.43
2221.5940,100.431
2222.5581,100.415
2223.5225,100.39
2224.4866,100.366
2225.4509,100.35
2226.4150,100.339
2227.3794,100.333
2228.3435,100.331
2229.3079,100.336
2230.2720,100.352
2231.2363,100.377
2232.2004,100.399
2233.1648,100.405
2234.1289,100.388
2235.0933,100.352
2236.0574,100.308
2237.0217,100.272
2237.9858,100.255
2238.9502,100.257
2239.9143,100.271
2240.8787,100.288
2241.8428,100.296
2242.8071,100.29
2243.7712,100.269
2244.7356,100.239
2245.6997,100.205
2246.6641,100.177
2247.6282,100.161
2248.5925,100.157
2249.5566,100.159
2250.5210,100.16
2251.4851,100.151
2252.4495,100.127
2253.4136,100.087
2254.3779,100.036
2255.3420,99.9781
2256.3064,99.9207
2257.2705,99.8689
2258.2349,99.8269
2259.1990,99.7972
2260.1633,99.7795
2261.1274,99.7709
2262.0918,99.7664
2263.0559,99.7618
2264.0203,99.7549
2264.9844,99.7461
2265.9487,99.7365
2266.9128,99.7263
2267.8772,99.7141
2268.8413,99.6983
2269.8057,99.6795
2270.7698,99.6605
2271.7341,99.645
2272.6982,99.6339
2273.6626,99.6245
2274.6267,99.6123
2275.5911,99.5947
2276.5552,99.5746
2277.5195,99.5592
2278.4836,99.5555
2279.4480,99.5644
2280.4121,99.5783
2281.3765,99.5829
2282.3406,99.5635
2283.3049,99.511
2284.2690,99.4254
2285.2334,99.315
2286.1975,99.1926
2287.1619,99.0697
2288.1260,98.9527
2289.0903,98.8408
2290.0544,98.7274
2291.0188,98.6038
2291.9829,98.464
2292.9473,98.3079
2293.9114,98.1408
2294.8757,97.9714
2295.8398,97.8077
2296.8042,97.6545
2297.7683,97.5124
2298.7327,97.3793
2299.6968,97.2511
2300.6611,97.1215
2301.6252,96.9815
2302.5896,96.8195
2303.5537,96.6232
2304.5181,96.384
2305.4822,96.1009
2306.4465,95.7839
2307.4106,95.453
2308.3750,95.1344
2309.3391,94.8541
2310.3035,94.6298
2311.2676,94.4642
2312.2319,94.3423
2313.1960,94.2348
2314.1604,94.1067
2315.1245,93.9283
2316.0889,93.6826
2317.0530,93.3666
2318.0173,92.9906
2318.9814,92.5762
2319.9458,92.1548
2320.9099,91.7643
2321.8743,91.4391
2322.8384,91.1964
2323.8027,91.0286
2324.7668,90.908
2325.7312,90.8008
2326.6953,90.6819
2327.6597,90.5442
2328.6238,90.4017
2329.5881,90.2826
2330.5522,90.2133
2331.5166,90.2008
2332.4807,90.2264
2333.4451,90.2561
2334.4092,90.258
2335.3735,90.2144
2336.3376,90.1252
2337.3020,90.0008
2338.2661,89.8524
2339.2305,89.6863
2340.1946,89.5129
2341.1589,89.3679
2342.1230,89.3296
2343.0874,89.4987
2344.0515,89.9242
2345.0159,90.536
2345.9800,91.1718
2346.9443,91.6736
2347.9084,91.9468
2348.8728,91.956
2349.8369,91.6997
2350.8013,91.1988
2351.7654,90.5024
2352.7297,89.6968
2353.6938,88.8927
2354.6582,88.1822
2355.6223,87.603
2356.5867,87.1473
2357.5508,86.8007
2358.5151,86.5628
2359.4792,86.4389
2360.4436,86.4256
2361.4077,86.5121
2362.3721,86.6914
2363.3362,86.9652
2364.3005,87.3354
2365.2646,87.7937
2366.2290,88.3225
2367.1931,88.9027
2368.1575,89.5203
2369.1216,90.1651
2370.0859,90.8269
2371.0500,91.4935
2372.0144,92.1543
2372.9785,92.8022
2373.9429,93.4346
2374.9070,94.0497
2375.8713,94.6446
2376.8354,95.2152
2377.7998,95.7588
2378.7639,96.2767
2379.7283,96.7737
2380.6924,97.2553
2381.6567,97.724
2382.6208,98.1763
2383.5852,98.6028
2384.5493,98.9906
2385.5137,99.3263
2386.4778,99.6001
2387.4421,99.8079
2388.4063,99.9524
2389.3706,100.043
2390.3347,100.094
2391.2991,100.12
2392.2632,100.134
2393.2275,100.145
2394.1917,100.156
2395.1560,100.164
2396.1201,100.168
2397.0845,100.166
2398.0486,100.159
2399.0129,100.151
2399.9771,100.144
2400.9414,100.142
2401.9055,100.144
2402.8699,100.148
2403.8340,100.15
2404.7983,100.149
2405.7625,100.141
2406.7268,100.126
2407.6909,100.106
2408.6553,100.085
2409.6194,100.066
2410.5837,100.049
2411.5479,100.036
2412.5122,100.026
2413.4763,100.019
2414.4407,100.017
2415.4048,100.019
2416.3691,100.026
2417.3333,100.038
2418.2976,100.05
2419.2617,100.061
2420.2261,100.067
2421.1902,100.067
2422.1545,100.061
2423.1187,100.05
2424.0830,100.037
2425.0471,100.024
2426.0115,100.014
2426.9756,100.008
2427.9399,100.008
2428.9041,100.011
2429.8684,100.016
2430.8325,100.021
2431.7969,100.022
2432.7610,100.02
2433.7253,100.014
2434.6895,100.007
2435.6538,100.002
2436.6179,99.9994
2437.5823,100.001
2438.5464,100.005
2439.5107,100.012
2440.4749,100.018
2441.4392,100.021
2442.4033,100.019
2443.3677,100.013
2444.3318,100.003
2445.2961,99.9926
2446.2603,99.9847
2447.2246,99.9797
2448.1887,99.9762
2449.1531,99.9722
2450.1172,99.9664
2451.0815,99.9592
2452.0457,99.9519
2453.0100,99.9464
2453.9741,99.9434
2454.9385,99.9429
2455.9026,99.944
2456.8669,99.9459
2457.8311,99.9482
2458.7954,99.9502
2459.7595,99.9517
2460.7239,99.9526
2461.6880,99.9529
2462.6523,99.9527
2463.6165,99.9512
2464.5808,99.9466
2465.5449,99.9373
2466.5093,99.923
2467.4734,99.9055
2468.4377,99.8887
2469.4019,99.8754
2470.3662,99.8662
2471.3303,99.859
2472.2947,99.8509
2473.2588,99.8413
2474.2231,99.8328
2475.1873,99.8294
2476.1516,99.834
2477.1157,99.8453
2478.0801,99.8581
2479.0442,99.8654
2480.0085,99.8624
2480.9727,99.8486
2481.9370,99.8283
2482.9011,99.8085
2483.8655,99.7959
2484.8296,99.7945
2485.7939,99.8045
2486.7581,99.8217
2487.7224,99.8395
2488.6865,99.8515
2489.6509,99.8536
2490.6150,99.8455
2491.5793,99.8301
2492.5435,99.812
2493.5078,99.7952
2494.4719,99.7819
2495.4363,99.7724
2496.4004,99.7659
2497.3647,99.7612
2498.3289,99.757
2499.2932,99.7521
2500.2573,99.7456
2501.2217,99.7378
2502.1858,99.7304
2503.1501,99.726
2504.1143,99.7265
2505.0786,99.7311
2506.0427,99.7365
2507.0071,99.7385
2507.9712,99.734
2508.9355,99.7238
2509.8997,99.7113
2510.8640,99.7005
2511.8281,99.6932
2512.7925,99.6878
2513.7566,99.6813
2514.7209,99.6715
2515.6851,99.6591
2516.6494,99.6463
2517.6135,99.6352
2518.5779,99.6253
2519.5420,99.6145
2520.5063,99.6006
2521.4705,99.5844
2522.4348,99.5695
2523.3989,99.5608
2524.3633,99.5612
2525.3274,99.5698
2526.2917,99.5828
2527.2559,99.5949
2528.2202,99.6019
2529.1843,99.6018
2530.1487,99.5946
2531.1128,99.582
2532.0771,99.5662
2533.0413,99.5502
2534.0056,99.5368
2534.9697,99.5286
2535.9341,99.5273
2536.8982,99.5322
2537.8625,99.5405
2538.8267,99.5476
2539.7910,99.549
2540.7551,99.5422
2541.7195,99.528
2542.6836,99.5101
2543.6479,99.4928
2544.6121,99.4784
2545.5764,99.4665
2546.5405,99.4549
2547.5049,99.4426
2548.4690,99.4309
2549.4333,99.4228
2550.3975,99.4207
2551.3618,99.4239
2552.3259,99.4287
2553.2903,99.431
2554.2544,99.4288
2555.2188,99.4229
2556.1829,99.4152
2557.1472,99.4069
2558.1113,99.3972
2559.0757,99.3845
2560.0398,99.3686
2561.0042,99.3511
2561.9683,99.3348
2562.9326,99.3221
2563.8967,99.3138
2564.8611,99.3091
2565.8252,99.3068
2566.7896,99.306
2567.7537,99.3064
2568.7180,99.3071
2569.6821,99.307
2570.6465,99.3047
2571.6106,99.299
2572.5750,99.2896
2573.5391,99.2767
2574.5034,99.2611
2575.4675,99.2436
2576.4319,99.2252
2577.3960,99.2069
2578.3604,99.1896
2579.3245,99.1741
2580.2888,99.1614
2581.2529,99.1522
2582.2173,99.1469
2583.1814,99.1451
2584.1458,99.1447
2585.1099,99.1428
2586.0742,99.1361
2587.0383,99.1227
2588.0027,99.1031
2588.9668,99.0797
2589.9312,99.0562
2590.8953,99.0366
2591.8596,99.0234
2592.8237,99.0172
2593.7881,99.0154
2594.7522,99.0133
2595.7166,99.0055
2596.6807,98.9885
2597.6450,98.9628
2598.6091,98.9327
2599.5735,98.905
2600.5376,98.8851
2601.5020,98.8751
2602.4661,98.8726
2603.4304,98.8723
2604.3945,98.8692
2605.3589,98.8604
2606.3230,98.8461
2607.2874,98.8284
2608.2515,98.8096
2609.2158,98.791
2610.1799,98.7726
2611.1443,98.7537
2612.1084,98.7336
2613.0728,98.7124
2614.0369,98.6908
2615.0012,98.6695
2615.9653,98.6488
2616.9297,98.628
2617.8938,98.6064
2618.8582,98.5831
2619.8223,98.5582
2620.7866,98.5321
2621.7507,98.5061
2622.7151,98.481
2623.6792,98.4571
2624.6436,98.4339
2625.6077,98.4104
2626.5720,98.386
2627.5361,98.3607
2628.5005,98.3356
2629.4646,98.3121
2630.4290,98.2916
2631.3931,98.2747
2632.3574,98.2608
2633.3215,98.2492
2634.2859,98.2392
2635.2500,98.2309
2636.2144,98.2249
2637.1785,98.2221
2638.1428,98.2224
2639.1069,98.2251
2640.0713,98.2289
2641.0354,98.2324
2641.9998,98.2349
2642.9639,98.2367
2643.9282,98.2383
2644.8923,98.24
2645.8567,98.2413
2646.8208,98.2415
2647.7852,98.2396
2648.7493,98.2353
2649.7136,98.2283
2650.6777,98.2188
2651.6421,98.2072
2652.6062,98.1942
2653.5706,98.1811
2654.5347,98.1698
2655.4990,98.1618
2656.4631,98.1584
2657.4275,98.1591
2658.3916,98.163
2659.3560,98.1687
2660.3201,98.1754
2661.2844,98.183
2662.2485,98.192
2663.2129,98.2025
2664.1770,98.2138
2665.1414,98.2252
2666.1055,98.2356
2667.0698,98.2449
2668.0339,98.2534
2668.9983,98.2613
2669.9624,98.2683
2670.9268,98.2741
2671.8909,98.2781
2672.8552,98.2808
2673.8193,98.283
2674.7837,98.2859
2675.7478,98.2898
2676.7122,98.2942
2677.6763,98.2986
2678.6406,98.3029
2679.6047,98.3077
2680.5691,98.3142
2681.5332,98.3224
2682.4976,98.3313
2683.4617,98.3385
2684.4260,98.3423
2685.3901,98.3424
2686.3545,98.3404
2687.3186,98.3391
2688.2830,98.34
2689.2471,98.343
2690.2114,98.3465
2691.1755,98.3485
2692.1399,98.3482
2693.1040,98.3462
2694.0684,98.3436
2695.0325,98.3408
2695.9968,98.3369
2696.9609,98.33
2697.9253,98.3185
2698.8894,98.3019
2699.8538,98.2816
2700.8179,98.2599
2701.7822,98.2392
2702.7463,98.221
2703.7107,98.2059
2704.6748,98.1936
2705.6392,98.1835
2706.6033,98.1746
2707.5676,98.1659
2708.5317,98.1563
2709.4961,98.1444
2710.4602,98.1292
2711.4246,98.1103
2712.3887,98.0885
2713.3530,98.0657
2714.3171,98.0443
2715.2815,98.0262
2716.2456,98.012
2717.2100,98.0009
2718.1741,97.9911
2719.1384,97.9809
2720.1025,97.9692
2721.0669,97.9557
2722.0310,97.9403
2722.9954,97.9226
2723.9595,97.9023
2724.9238,97.8795
2725.8879,97.8546
2726.8523,97.8289
2727.8164,97.8036
2728.7808,97.7793
2729.7449,97.7565
2730.7092,97.7352
2731.6733,97.7155
2732.6377,97.6978
2733.6018,97.6821
2734.5662,97.668
2735.5303,97.6544
2736.4946,97.6401
2737.4587,97.624
2738.4231,97.6062
2739.3872,97.5878
2740.3516,97.5705
2741.3157,97.5556
2742.2800,97.5436
2743.2441,97.5335
2744.2085,97.5235
2745.1726,97.5113
2746.1370,97.4956
2747.1011,97.4764
2748.0654,97.4553
2749.0295,97.4343
2749.9939,97.4151
2750.9580,97.3977
2751.9224,97.3804
2752.8865,97.3608
2753.8508,97.3372
2754.8149,97.3087
2755.7793,97.2763
2756.7434,97.2415
2757.7078,97.2056
2758.6719,97.1691
2759.6362,97.1318
2760.6003,97.0936
2761.5647,97.0547
2762.5288,97.016
2763.4932,96.9781
2764.4573,96.941
2765.4216,96.9039
2766.3857,96.8654
2767.3501,96.8247
2768.3142,96.7816
2769.2786,96.7363
2770.2427,96.6891
2771.2070,96.6392
2772.1711,96.5858
2773.1355,96.5278
2774.0996,96.4652
2775.0640,96.3989
2776.0281,96.3304
2776.9924,96.2605
2777.9565,96.1895
2778.9209,96.1165
2779.8850,96.0408
2780.8494,95.9618
2781.8135,95.8796
2782.7778,95.7944
2783.7419,95.7064
2784.7063,95.615
2785.6704,95.5195
2786.6348,95.4189
2787.5989,95.3123
2788.5632,95.1999
2789.5273,95.0827
2790.4917,94.9631
2791.4558,94.8441
2792.4202,94.7282
2793.3843,94.6161
2794.3486,94.5061
2795.3127,94.3951
2796.2771,94.2796
2797.2412,94.1581
2798.2056,94.0308
2799.1697,93.8992
2800.1340,93.7643
2801.0981,93.6255
2802.0625,93.4805
2803.0266,93.327
2803.9910,93.1636
2804.9551,92.9904
2805.9194,92.8081
2806.8835,92.6177
2807.8479,92.4191
2808.8120,92.2124
2809.7764,91.9978
2810.7405,91.7765
2811.7048,91.5494
2812.6689,91.3168
2813.6333,91.0762
2814.5974,90.8232
2815.5618,90.5521
2816.5259,90.2578
2817.4902,89.9372
2818.4543,89.5897
2819.4187,89.2156
2820.3828,88.8158
2821.3472,88.3896
2822.3113,87.9347
2823.2756,87.4469
2824.2397,86.9209
2825.2041,86.3504
2826.1682,85.7292
2827.1326,85.0515
2828.0967,84.3109
2829.0610,83.4987
2830.0251,82.6024
2830.9895,81.6046
2831.9536,80.483
2832.9180,79.2114
2833.8821,77.7589
2834.8464,76.0898
2835.8105,74.1626
2836.7749,71.9328
2837.7390,69.3562
2838.7034,66.3925
2839.6675,63.0088
2840.6318,59.187
2841.5959,54.9457
2842.5603,50.3799
2843.5244,45.7104
2844.4888,41.3139
2845.4529,37.7006
2846.4172,35.4201
2847.3813,34.911
2848.3457,36.3505
2849.3098,39.5735
2850.2742,44.1114
2851.2383,49.3356
2852.2026,54.6447
2853.1667,59.6082
2854.1311,64.0167
2855.0952,67.8417
2856.0596,71.1491
2857.0237,74.0221
2857.9880,76.522
2858.9521,78.6854
2859.9165,80.5378
2860.8806,82.1046
2861.8450,83.4127
2862.8091,84.4874
2863.7734,85.3501
2864.7375,86.019
2865.7019,86.5117
2866.6660,86.8452
2867.6304,87.0351
2868.5945,87.0926
2869.5588,87.0241
2870.5229,86.832
2871.4873,86.5174
2872.4514,86.083
2873.4158,85.5348
2874.3799,84.8826
2875.3442,84.1389
2876.3083,83.3161
2877.2727,82.4263
2878.2368,81.48
2879.2012,80.4882
2880.1653,79.4624
2881.1296,78.4145
2882.0938,77.3556
2883.0581,76.2945
2884.0222,75.2369
2884.9866,74.1865
2885.9507,73.1454
2886.9150,72.1158
2887.8792,71.1
2888.8435,70.1005
2889.8076,69.1196
2890.7720,68.1591
2891.7361,67.2199
2892.7004,66.3019
2893.6646,65.4046
2894.6289,64.527
2895.5930,63.6673
2896.5574,62.8204
2897.5215,61.976
2898.4858,61.1166
2899.4500,60.2176
2900.4143,59.2506
2901.3784,58.1861
2902.3428,56.9963
2903.3069,55.656
2904.2712,54.143
2905.2354,52.4371
2906.1997,50.5217
2907.1638,48.3859
2908.1282,46.032
2909.0923,43.4874
2910.0566,40.8218
2911.0208,38.1639
2911.9851,35.707
2912.9492,33.6947
2913.9136,32.3807
2914.8777,31.9725
2915.8420,32.5766
2916.8062,34.1673
2917.7705,36.5933
2918.7346,39.6194
2919.6990,42.9863
2920.6631,46.4673
2921.6274,49.9009
2922.5916,53.1949
2923.5559,56.3107
2924.5200,59.2394
2925.4844,61.9849
2926.4485,64.5553
2927.4128,66.9619
2928.3770,69.219
2929.3413,71.3419
2930.3054,73.3439
2931.2698,75.2331
2932.2339,77.0131
2933.1982,78.6842
2934.1624,80.2473
2935.1267,81.7059
2936.0908,83.0665
2937.0552,84.3371
2938.0193,85.5257
2938.9836,86.6377
2939.9478,87.6751
2940.9121,88.6366
2941.8762,89.5196
2942.8406,90.3215
2943.8047,91.0419
2944.7690,91.6833
2945.7332,92.2503
2946.6975,92.7491
2947.6616,93.1863
2948.6260,93.568
2949.5901,93.8998
2950.5544,94.1876
2951.5186,94.4382
2952.4829,94.6598
2953.4470,94.8608
2954.4114,95.0489
2955.3755,95.2291
2956.3398,95.4033
2957.3040,95.5711
2958.2683,95.7316
2959.2324,95.8848
2960.1968,96.0315
2961.1609,96.1729
2962.1252,96.3098
2963.0894,96.4422
2964.0537,96.5705
2965.0178,96.6953
2965.9822,96.8179
2966.9463,96.9385
2967.9106,97.056
2968.8748,97.1677
2969.8391,97.271
2970.8032,97.3653
2971.7676,97.4521
2972.7317,97.5344
2973.6960,97.6145
2974.6602,97.6924
2975.6245,97.7666
2976.5886,97.8354
2977.5530,97.8986
2978.5171,97.9578
2979.4814,98.0151
2980.4456,98.0713
2981.4099,98.1253
2982.3740,98.1744
2983.3384,98.2169
2984.3025,98.2531
2985.2668,98.2857
2986.2310,98.3176
2987.1953,98.3502
2988.1594,98.3822
2989.1238,98.4108
2990.0879,98.434
2991.0522,98.4523
2992.0164,98.469
2992.9807,98.4887
2993.9448,98.5147
2994.9092,98.5474
2995.8733,98.5846
2996.8376,98.622
2997.8018,98.6552
2998.7661,98.6805
2999.7302,98.6963
3000.6946,98.7038
3001.6587,98.7069
3002.6230,98.7115
3003.5872,98.7232
3004.5515,98.744
3005.5156,98.7713
3006.4800,98.7984
3007.4441,98.8179
3008.4084,98.8256
3009.3726,98.8225
3010.3369,98.8144
3011.3010,98.8081
3012.2654,98.8093
3013.2295,98.8197
3014.1938,98.8382
3015.1580,98.8621
3016.1223,98.8889
3017.0864,98.9164
3018.0508,98.9427
3019.0149,98.9648
3019.9792,98.9799
3020.9434,98.9862
3021.9077,98.9845
3022.8718,98.9786
3023.8362,98.9733
3024.8003,98.9716
3025.7646,98.9729
3026.7288,98.9728
3027.6931,98.9662
3028.6572,98.9511
3029.6216,98.9306
3030.5857,98.912
3031.5500,98.9038
3032.5142,98.9117
3033.4785,98.9366
3034.4426,98.9754
3035.4070,99.0227
3036.3711,99.0727
3037.3354,99.1198
3038.2996,99.1592
3039.2639,99.1877
3040.2280,99.2048
3041.1924,99.2132
3042.1565,99.2168
3043.1208,99.2188
3044.0850,99.2196
3045.0493,99.2176
3046.0134,99.2117
3046.9778,99.2041
3047.9419,99.2001
3048.9063,99.2044
3049.8704,99.2176
3050.8347,99.2341
3051.7988,99.2448
3052.7632,99.243
3053.7273,99.2294
3054.6917,99.2123
3055.6558,99.2035
3056.6201,99.2112
3057.5842,99.2346
3058.5486,99.2639
3059.5127,99.2856
3060.4771,99.2899
3061.4412,99.2753
3062.4055,99.2495
3063.3696,99.2249
3064.3340,99.2134
3065.2981,99.2206
3066.2625,99.2445
3067.2266,99.2777
3068.1909,99.3111
3069.1550,99.3388
3070.1194,99.3597
3071.0835,99.3763
3072.0479,99.3917
3073.0120,99.4065
3073.9763,99.4174
3074.9404,99.4192
3075.9048,99.408
3076.8689,99.3847
3077.8333,99.3553
3078.7974,99.3294
3079.7617,99.3156
3080.7258,99.3179
3081.6902,99.3346
3082.6543,99.36
3083.6187,99.3877
3084.5828,99.413
3085.5471,99.4341
3086.5112,99.4511
3087.4756,99.4641
3088.4397,99.4718
3089.4041,99.4716
3090.3682,99.4612
3091.3325,99.4415
3092.2966,99.4175
3093.2610,99.3976
3094.2251,99.3895
3095.1895,99.3956
3096.1536,99.4111
3097.1179,99.4261
3098.0820,99.432
3099.0464,99.4272
3100.0105,99.4186
3100.9749,99.4179
3101.9390,99.4339
3102.9033,99.4665
3103.8674,99.5068
3104.8318,99.5422
3105.7959,99.564
3106.7603,99.5714
3107.7244,99.5709
3108.6887,99.5709
3109.6528,99.5759
3110.6172,99.5838
3111.5813,99.5884
3112.5457,99.5836
3113.5098,99.5683
3114.4741,99.5464
3115.4382,99.5246
3116.4026,99.5086
3117.3667,99.4998
3118.3311,99.4961
3119.2952,99.494
3120.2595,99.4912
3121.2236,99.4879
3122.1880,99.4871
3123.1521,99.4928
3124.1165,99.508
3125.0806,99.5334
3126.0449,99.5654
3127.0090,99.5966
3127.9734,99.618
3128.9375,99.6229
3129.9019,99.611
3130.8660,99.5898
3131.8303,99.5717
3132.7944,99.5674
3133.7588,99.5805
3134.7229,99.6056
3135.6873,99.632
3136.6514,99.65
3137.6157,99.6556
3138.5798,99.6511
3139.5442,99.6423
3140.5083,99.6347
3141.4727,99.6316
3142.4368,99.6341
3143.4011,99.642
3144.3652,99.6543
3145.3296,99.6688
3146.2937,99.6819
3147.2581,99.69
3148.2222,99.6908
3149.1865,99.6852
3150.1506,99.6762
3151.1150,99.6679
3152.0791,99.6629
3153.0435,99.6618
3154.0076,99.6634
3154.9719,99.6659
3155.9360,99.6679
3156.9004,99.6679
3157.8645,99.665
3158.8289,99.6587
3159.7930,99.65
3160.7573,99.6414
3161.7214,99.6356
3162.6858,99.6346
3163.6499,99.6374
3164.6143,99.6406
3165.5784,99.6398
3166.5427,99.6323
3167.5068,99.6197
3168.4712,99.6071
3169.4353,99.601
3170.3997,99.6048
3171.3638,99.616
3172.3281,99.6265
3173.2922,99.6266
3174.2566,99.6105
3175.2207,99.5805
3176.1851,99.547
3177.1492,99.5232
3178.1135,99.5179
3179.0776,99.5304
3180.0420,99.5513
3181.0061,99.5686
3181.9705,99.5747
3182.9346,99.57
3183.8989,99.5611
3184.8630,99.5557
3185.8274,99.5568
3186.7915,99.562
3187.7559,99.5665
3188.7200,99.5673
3189.6843,99.5645
3190.6484,99.5599
3191.6128,99.5534
3192.5769,99.5424
3193.5413,99.5238
3194.5054,99.4981
3195.4697,99.4714
3196.4338,99.4528
3197.3982,99.4493
3198.3623,99.4616
3199.3267,99.4838
3200.2908,99.5077
3201.2551,99.5272
3202.2192,99.5398
3203.1836,99.5455
3204.1477,99.5439
3205.1121,99.5341
3206.0762,99.5158
3207.0405,99.491
3208.0046,99.4642
3208.9690,99.4404
3209.9331,99.4224
3210.8975,99.4107
3211.8616,99.4042
3212.8259,99.4022
3213.7900,99.4044
3214.7544,99.4095
3215.7185,99.4137
3216.6829,99.4134
3217.6470,99.4071
3218.6113,99.3991
3219.5754,99.3969
3220.5398,99.407
3221.5039,99.4293
3222.4683,99.4561
3223.4324,99.4759
3224.3967,99.4804
3225.3608,99.4685
3226.3252,99.4468
3227.2893,99.4246
3228.2537,99.409
3229.2178,99.4017
3230.1821,99.3999
3231.1462,99.3994
3232.1106,99.3971
3233.0747,99.392
3234.0391,99.3852
3235.0032,99.3785
3235.9675,99.3745
3236.9316,99.3749
3237.8960,99.3804
3238.8601,99.3887
3239.8245,99.3952
3240.7886,99.3941
3241.7529,99.3826
3242.7170,99.3626
3243.6814,99.3412
3244.6455,99.3276
3245.6099,99.3279
3246.5740,99.3417
3247.5383,99.3625
3248.5024,99.3806
3249.4668,99.3882
3250.4309,99.3827
3251.3953,99.3667
3252.3594,99.3462
3253.3237,99.3273
3254.2878,99.3139
3255.2522,99.307
3256.2163,99.305
3257.1807,99.3056
3258.1448,99.3063
3259.1091,99.3059
3260.0732,99.3048
3261.0376,99.3046
3262.0017,99.3074
3262.9661,99.3149
3263.9302,99.3265
3264.8945,99.3399
3265.8586,99.3511
3266.8230,99.3557
3267.7871,99.35
3268.7515,99.3316
3269.7156,99.3002
3270.6799,99.2578
3271.6440,99.2097
3272.6084,99.164
3273.5725,99.1294
3274.5369,99.112
3275.5010,99.1127
3276.4653,99.1274
3277.4294,99.1487
3278.3938,99.1704
3279.3579,99.1891
3280.3223,99.2051
3281.2864,99.2202
3282.2507,99.2353
3283.2148,99.2499
3284.1792,99.2615
3285.1433,99.267
3286.1077,99.2639
3287.0718,99.2509
3288.0361,99.2288
3289.0002,99.2012
3289.9646,99.1738
3290.9287,99.1526
3291.8931,99.1413
3292.8572,99.1393
3293.8215,99.1428
3294.7856,99.147
3295.7500,99.1496
3296.7141,99.1514
3297.6785,99.1558
3298.6426,99.1658
3299.6069,99.1818
3300.5710,99.2009
3301.5354,99.2178
3302.4995,99.2264
3303.4639,99.2209
3304.4280,99.198
3305.3923,99.158
3306.3564,99.1067
3307.3208,99.054
3308.2849,99.0115
3309.2493,98.9876
3310.2134,98.9844
3311.1777,98.997
3312.1418,99.0169
3313.1062,99.036
3314.0703,99.0495
3315.0347,99.0569
3315.9988,99.0606
3316.9631,99.0627
3317.9272,99.0638
3318.8916,99.0623
3319.8557,99.0551
3320.8201,99.0396
3321.7842,99.0151
3322.7485,98.9844
3323.7126,98.9529
3324.6770,98.9277
3325.6411,98.9144
3326.6055,98.9151
3327.5696,98.9276
3328.5339,98.9461
3329.4980,98.9628
3330.4624,98.9707
3331.4265,98.9649
3332.3909,98.9446
3333.3550,98.9134
3334.3193,98.8794
3335.2834,98.8522
3336.2478,98.8397
3337.2119,98.8442
3338.1763,98.8611
3339.1404,98.8812
3340.1047,98.8959
3341.0688,98.9013
3342.0332,98.8996
3342.9973,98.8967
3343.9617,98.8976
3344.9258,98.9035
3345.8901,98.9108
3346.8542,98.9146
3347.8186,98.9109
3348.7827,98.899
3349.7471,98.8797
3350.7112,98.8549
3351.6755,98.826
3352.6396,98.7953
3353.6040,98.7659
3354.5681,98.7415
3355.5325,98.724
3356.4966,98.7124
3357.4609,98.7028
3358.4250,98.6909
3359.3894,98.6746
3360.3535,98.6546
3361.3179,98.634
3362.2820,98.6156
3363.2463,98.601
3364.2104,98.5909
3365.1748,98.5861
3366.1389,98.5883
3367.1033,98.5983
3368.0674,98.6149
3369.0317,98.6342
3369.9958,98.651
3370.9602,98.6612
3371.9243,98.6632
3372.8887,98.6578
3373.8528,98.6476
3374.8171,98.6355
3375.7813,98.6243
3376.7456,98.6161
3377.7097,98.6117
3378.6741,98.609
3379.6382,98.6027
3380.6025,98.5864
3381.5667,98.5574
3382.5310,98.5202
3383.4951,98.4869
3384.4595,98.4712
3385.4236,98.4799
3386.3879,98.5068
3387.3521,98.5338
3388.3164,98.5408
3389.2805,98.5168
3390.2449,98.4663
3391.2090,98.4071
3392.1733,98.3607
3393.1375,98.341
3394.1018,98.3481
3395.0659,98.3713
3396.0303,98.3974
3396.9944,98.4173
3397.9587,98.4287
3398.9229,98.434
3399.8872,98.4367
3400.8513,98.4395
3401.8157,98.4435
3402.7798,98.4484
3403.7441,98.4532
3404.7083,98.4564
3405.6726,98.456
3406.6367,98.451
3407.6011,98.4415
3408.5652,98.4286
3409.5295,98.4139
3410.4937,98.4004
3411.4580,98.3919
3412.4221,98.3915
3413.3865,98.3987
3414.3506,98.4052
3415.3149,98.3959
3416.2791,98.3555
3417.2434,98.2781
3418.2075,98.1752
3419.1719,98.0753
3420.1360,98.0126
3421.1003,98.0101
3422.0645,98.0667
3423.0288,98.1579
3423.9929,98.2492
3424.9573,98.3129
3425.9214,98.3377
3426.8857,98.3293
3427.8499,98.3031
3428.8142,98.2753
3429.7783,98.2556
3430.7427,98.2464
3431.7068,98.2456
3432.6711,98.2507
3433.6353,98.2596
3434.5996,98.2693
3435.5637,98.2748
3436.5281,98.2691
3437.4922,98.2474
3438.4565,98.2102
3439.4207,98.1631
3440.3850,98.1116
3441.3491,98.0554
3442.3135,97.9867
3443.2776,97.8978
3444.2419,97.7924
3445.2061,97.6935
3446.1704,97.6374
3447.1345,97.6544
3448.0989,97.7482
3449.0630,97.8893
3450.0273,98.0315
3450.9915,98.1358
3451.9558,98.1878
3452.9199,98.1982
3453.8843,98.1903
3454.8484,98.1826
3455.8127,98.1787
3456.7769,98.1686
3457.7412,98.1404
3458.7053,98.0921
3459.6697,98.0349
3460.6338,97.9875
3461.5981,97.9644
3462.5623,97.9682
3463.5266,97.9892
3464.4907,98.0135
3465.4551,98.0323
3466.4192,98.0461
3467.3835,98.0608
3468.3477,98.0801
3469.3120,98.0992
3470.2761,98.1077
3471.2405,98.0977
3472.2046,98.0732
3473.1689,98.0496
3474.1331,98.0432
3475.0974,98.0563
3476.0615,98.0703
3477.0259,98.0555
3477.9900,97.9906
3478.9543,97.8811
3479.9185,97.7614
3480.8828,97.6789
3481.8469,97.6644
3482.8113,97.7131
3483.7754,97.7884
3484.7397,97.8485
3485.7039,97.8719
3486.6682,97.868
3487.6323,97.8661
3488.5967,97.8918
3489.5608,97.9465
3490.5251,98.005
3491.4893,98.0326
3492.4536,98.0096
3493.4177,97.9463
3494.3821,97.8786
3495.3462,97.8449
3496.3105,97.8562
3497.2747,97.8828
3498.2390,97.8697
3499.2031,97.7727
3500.1675,97.5906
3501.1316,97.377
3502.0959,97.2183
3503.0601,97.183
3504.0244,97.2733
3504.9885,97.4237
3505.9529,97.5471
3506.9170,97.5896
3507.8813,97.5563
3508.8455,97.5017
3509.8098,97.4925
3510.7739,97.5638
3511.7383,97.6988
3512.7024,97.8471
3513.6667,97.9608
3514.6309,98.019
3515.5952,98.0281
3516.5593,98.0049
3517.5237,97.9565
3518.4878,97.8743
3519.4521,97.7441
3520.4163,97.5646
3521.3806,97.3577
3522.3447,97.1618
3523.3091,97.0123
3524.2732,96.9225
3525.2375,96.8835
3526.2017,96.8823
3527.1660,96.921
3528.1301,97.0168
3529.0945,97.1816
3530.0586,97.3987
3531.0229,97.619
3531.9871,97.7829
3532.9514,97.8511
3533.9155,97.8261
3534.8799,97.754
3535.8440,97.7027
3536.8083,97.7237
3537.7725,97.8176
3538.7368,97.9299
3539.7009,97.9796
3540.6653,97.8972
3541.6294,97.6563
3542.5938,97.2907
3543.5579,96.8965
3544.5222,96.6043
3545.4863,96.516
3546.4507,96.6374
3547.4148,96.8735
3548.3792,97.0941
3549.3433,97.2107
3550.3076,97.2144
3551.2717,97.1686
3552.2361,97.1667
3553.2002,97.2689
3554.1646,97.4597
3555.1287,97.6625
3556.0930,97.7947
3557.0571,97.8165
3558.0215,97.7424
3558.9856,97.619
3559.9500,97.4803
3560.9141,97.3122
3561.8784,97.0535
3562.8425,96.636
3563.8069,96.0431
3564.7710,95.367
3565.7354,94.8344
3566.6995,94.7165
3567.6638,95.1146
3568.6279,95.8495
3569.5923,96.6201
3570.5564,97.2111
3571.5208,97.5494
3572.4849,97.6641
3573.4492,97.6352
3574.4133,97.5532
3575.3777,97.4854
3576.3418,97.459
3577.3062,97.4705
3578.2703,97.5081
3579.2346,97.5611
3580.1987,97.6095
3581.1631,97.6089
3582.1272,97.4928
3583.0916,97.1978
3584.0557,96.7023
3585.0200,96.0746
3585.9841,95.5051
3586.9485,95.2467
3587.9126,95.4236
3588.8770,95.8979
3589.8411,96.3913
3590.8054,96.6927
3591.7695,96.7359
3592.7339,96.5772
3593.6980,96.3445
3594.6624,96.1686
3595.6265,96.1079
3596.5908,96.1295
3597.5549,96.1687
3598.5193,96.2028
3599.4834,96.2681
3600.4478,96.4132
3601.4119,96.632
3602.3762,96.8453
3603.3403,96.9484
3604.3047,96.8755
3605.2688,96.6355
3606.2332,96.314
3607.1973,96.0354
3608.1616,95.8884
3609.1257,95.8673
3610.0901,95.8928
3611.0542,95.8895
3612.0186,95.8376
3612.9827,95.7623
3613.9470,95.6877
3614.9111,95.6048
3615.8755,95.4841
3616.8396,95.3235
3617.8040,95.1944
3618.7681,95.2337
3619.7324,95.5461
3620.6965,96.0862
3621.6609,96.6674
3622.6250,97.0861
3623.5894,97.2097
3624.5535,96.9809
3625.5178,96.4059
3626.4819,95.585
3627.4463,94.7787
3628.4104,94.3687
3629.3748,94.5663
3630.3389,95.1924
3631.3032,95.9036
3632.2673,96.4857
3633.2317,96.8907
3634.1958,97.1559
3635.1602,97.3368
3636.1243,97.4732
3637.0886,97.5808
3638.0527,97.661
3639.0171,97.7158
3639.9812,97.7503
3640.9456,97.7604
3641.9097,97.717
3642.8740,97.5608
3643.8381,97.2126
3644.8025,96.5929
3645.7666,95.6571
3646.7310,94.4824
3647.6951,93.4053
3648.6594,92.9917
3649.6235,93.535
3650.5879,94.6661
3651.5520,95.7939
3652.5164,96.5935
3653.4805,97.0138
3654.4448,97.1442
3655.4089,97.1415
3656.3733,97.1758
3657.3374,97.3475
3658.3018,97.6371
3659.2659,97.9548
3660.2302,98.2263
3661.1943,98.4269
3662.1587,98.5609
3663.1228,98.6227
3664.0872,98.5747
3665.0513,98.3574
3666.0156,97.9228
3666.9797,97.28
3667.9441,96.5442
3668.9082,95.9309
3669.8726,95.6112
3670.8367,95.5365
3671.8010,95.4834
3672.7651,95.2523
3673.7295,94.8093
3674.6936,94.3456
3675.6580,94.2037
3676.6221,94.5847
3677.5864,95.3451
3678.5505,96.1892
3679.5149,96.9187
3680.4790,97.4675
3681.4434,97.8349
3682.4075,98.03
3683.3718,98.0453
3684.3359,97.853
3685.3003,97.4179
3686.2644,96.7288
3687.2288,95.8639
3688.1929,95.0611
3689.1572,94.663
3690.1213,94.85
3691.0857,95.4673
3692.0498,96.2076
3693.0142,96.8483
3693.9783,97.3027
3694.9426,97.5683
3695.9067,97.673
3696.8711,97.6454
3697.8352,97.5064
3698.7996,97.2824
3699.7637,97.0285
3700.7280,96.838
3701.6921,96.8068
3702.6565,96.9605
3703.6206,97.2181
3704.5850,97.4365
3705.5491,97.4805
3706.5134,97.2584
3707.4775,96.7351
3708.4419,95.9611
3709.4060,95.1297
3710.3704,94.5824
3711.3345,94.6181
3712.2988,95.2157
3713.2629,96.0594
3714.2273,96.8236
3715.1914,97.3339
3716.1558,97.546
3717.1199,97.4869
3718.0842,97.2213
3719.0483,96.8344
3720.0127,96.4124
3720.9768,96.0192
3721.9412,95.6914
3722.9053,95.4576
3723.8696,95.3573
3724.8337,95.4281
3725.7981,95.6629
3726.7622,95.9832
3727.7266,96.2631
3728.6907,96.3752
3729.6550,96.2196
3730.6191,95.7365
3731.5835,94.9275
3732.5476,93.905
3733.5120,92.9445
3734.4761,92.436
3735.4404,92.6352
3736.4045,93.4148
3737.3689,94.3801
3738.3330,95.1895
3739.2974,95.685
3740.2615,95.8347
3741.2258,95.6622
3742.1899,95.2418
3743.1543,94.7426
3744.1184,94.4082
3745.0828,94.3631
3746.0469,94.4725
3747.0112,94.4967
3747.9753,94.2895
3748.9397,93.8791
3749.9038,93.5092
3750.8682,93.5501
3751.8323,94.1491
3752.7966,95.0379
3753.7607,95.8369
3754.7251,96.3406
3755.6892,96.5227
3756.6536,96.4721
3757.6177,96.3554
3758.5820,96.3559
3759.5461,96.5618
3760.5105,96.9083
3761.4746,97.2502
3762.4390,97.471
3763.4031,97.5277
3764.3674,97.4397
3765.3315,97.2605
3766.2959,97.0508
3767.2600,96.8655
3768.2244,96.7579
3769.1885,96.7856
3770.1528,96.991
3771.1169,97.3581
3772.0813,97.7952
3773.0454,98.1722
3774.0098,98.378
3774.9739,98.3557
3775.9382,98.117
3776.9023,97.7497
3777.8667,97.4033
3778.8308,97.2197
3779.7952,97.2373
3780.7593,97.3729
3781.7236,97.506
3782.6877,97.5681
3783.6521,97.5687
3784.6162,97.5685
3785.5806,97.6307
3786.5447,97.7784
3787.5090,97.9855
3788.4731,98.1977
3789.4375,98.3605
3790.4016,98.4341
3791.3660,98.395
3792.3301,98.2358
3793.2944,97.9695
3794.2585,97.6322
3795.2229,97.2708
3796.1870,96.9147
3797.1514,96.5579
3798.1155,96.1782
3799.0798,95.7876
3800.0439,95.4728
3801.0083,95.3614
3801.9724,95.503
3802.9368,95.7978
3803.9009,96.0835
3804.8652,96.2673
3805.8293,96.3817
3806.7937,96.5527
3807.7578,96.8897
3808.7222,97.3635
3809.6863,97.8189
3810.6506,98.0959
3811.6147,98.1062
3812.5791,97.839
3813.5432,97.3593
3814.5076,96.8032
3815.4717,96.3176
3816.4360,95.9543
3817.4001,95.6506
3818.3645,95.3334
3819.3286,95.0278
3820.2930,94.8706
3821.2571,94.9975
3822.2214,95.3909
3823.1855,95.8847
3824.1499,96.3135
3825.1140,96.6076
3826.0784,96.7813
3827.0425,96.8825
3828.0068,96.9498
3828.9709,96.9921
3829.9353,96.996
3830.8994,96.9463
3831.8638,96.8364
3832.8279,96.66
3833.7922,96.3989
3834.7563,96.0264
3835.7207,95.5386
3836.6848,94.9974
3837.6492,94.5454
3838.6133,94.3438
3839.5776,94.4607
3840.5417,94.8331
3841.5061,95.3433
3842.4702,95.9019
3843.4346,96.4629
3844.3987,96.9884
3845.3630,97.4185
3846.3271,97.6754
3847.2915,97.6892
3848.2556,97.4113
3849.2200,96.8115
3850.1841,95.8838
3851.1484,94.7078
3852.1125,93.5928
3853.0769,93.1036
3854.0410,93.5626
3855.0054,94.6085
3855.9695,95.6822
3856.9338,96.501
3857.8979,96.999
3858.8623,97.1749
3859.8264,97.0434
3860.7908,96.6596
3861.7549,96.1614
3862.7192,95.7563
3863.6833,95.6065
3864.6477,95.7049
3865.6118,95.8954
3866.5762,96.0019
3867.5403,95.9268
3868.5046,95.682
3869.4688,95.38
3870.4331,95.1875
3871.3972,95.2393
3872.3616,95.5613
3873.3257,96.0635
3874.2900,96.5977
3875.2542,97.0228
3876.2185,97.243
3877.1826,97.2212
3878.1470,96.9874
3879.1111,96.6387
3880.0754,96.3082
3881.0396,96.0962
3882.0039,96.0234
3882.9680,96.0586
3883.9324,96.1793
3884.8965,96.3848
3885.8608,96.6533
3886.8250,96.9046
3887.7893,97.0294
3888.7534,96.9594
3889.7178,96.7232
3890.6819,96.4657
3891.6462,96.3875
3892.6104,96.5882
3893.5747,96.9648
3894.5388,97.3057
3895.5032,97.4417
3896.4673,97.3051
3897.4316,96.9217
3898.3958,96.388
3899.3601,95.8324
3900.3242,95.3589
3901.2886,95.0226
3902.2527,94.8647
3903.2170,94.9455
3904.1812,95.3053
3905.1455,95.8953
3906.1096,96.581
3907.0740,97.2176
3908.0381,97.7127
3909.0024,98.0376
3909.9666,98.2066
3910.9309,98.249
3911.8950,98.1855
3912.8594,98.0222
3913.8235,97.7631
3914.7878,97.4378
3915.7520,97.1201
3916.7163,96.9115
3917.6804,96.8797
3918.6448,96.998
3919.6089,97.1573
3920.5732,97.2438
3921.5374,97.2086
3922.5017,97.0892
3923.4658,96.9828
3924.4302,96.9796
3925.3943,97.0908
3926.3586,97.2361
3927.3228,97.3039
3928.2871,97.2276
3929.2512,97.0257
3930.2156,96.7981
3931.1797,96.6795
3932.1440,96.759
3933.1082,97.0232
3934.0725,97.3763
3935.0366,97.7087
3936.0010,97.9452
3936.9651,98.0504
3937.9294,98.0164
3938.8936,97.857
3939.8579,97.6128
3940.8220,97.3553
3941.7864,97.1697
3942.7505,97.1112
3943.7148,97.1664
3944.6790,97.2621
3945.6433,97.3163
3946.6074,97.2913
3947.5718,97.2146
3948.5359,97.1598
3949.5002,97.1962
3950.4644,97.3381
3951.4287,97.5372
3952.3928,97.7218
3953.3572,97.8418
3954.3213,97.888
3955.2856,97.8818
3956.2498,97.8515
3957.2141,97.8136
3958.1782,97.7706
3959.1426,97.7245
3960.1067,97.6888
3961.0710,97.6863
3962.0352,97.734
3962.9995,97.8264
3963.9636,97.934
3964.9280,98.0184
3965.8921,98.0526
3966.8564,98.0323
3967.8206,97.9739
3968.7849,97.9018
3969.7490,97.8347
3970.7134,97.7792
3971.6775,97.7346
3972.6418,97.7016
3973.6060,97.6873
3974.5703,97.7018
3975.5344,97.7491
3976.4988,97.8197
3977.4629,97.8938
3978.4272,97.9502
3979.3914,97.9776
3980.3557,97.979
3981.3198,97.9691
3982.2842,97.9636
3983.2483,97.9705
3984.2126,97.985
3985.1768,97.995
3986.1411,97.9892
3987.1052,97.9648
3988.0696,97.9292
3989.0337,97.8944
3989.9980,97.8701
3990.9622,97.859
3991.9265,97.8575
3992.8906,97.8614
3993.8550,97.8702
3994.8191,97.8863
3995.7834,97.9113
3996.7476,97.9417
3997.7119,97.9704
3998.6760,97.9907
3999.6404,98.0017
4000.6045,98.0075
